id,name,record_type,record_id,blob_id,created_at
1,image,AttachedImage,1,1,2023-09-27 15:16:23.148509
2,image,AttachedImage,2,2,2023-09-27 15:16:23.247390
3,image,AttachedImage,3,3,2023-09-27 15:16:23.573886
4,image,AttachedImage,4,4,2023-09-27 15:16:24.038500
5,image,AttachedImage,5,5,2023-09-27 15:16:24.289516
6,image,AttachedImage,6,6,2023-09-27 15:16:24.466298
7,image,AttachedImage,7,7,2023-09-27 15:16:24.520768
8,image,AttachedImage,8,8,2023-09-27 15:16:24.569351
9,image,AttachedImage,9,9,2023-09-27 15:16:24.617471
10,image,AttachedImage,10,10,2023-09-27 15:16:24.665281
11,image,AttachedImage,11,11,2023-09-27 15:16:24.712406
12,image,AttachedImage,12,12,2023-09-27 15:16:24.761596
13,image,AttachedImage,13,13,2023-09-27 15:16:24.809079
14,image,AttachedImage,14,14,2023-09-27 15:16:24.854616
15,image,AttachedImage,15,15,2023-09-27 15:16:24.903883
16,image,AttachedImage,16,16,2023-09-27 15:16:24.956016
17,image,AttachedImage,17,17,2023-09-27 15:16:25.004073
18,image,AttachedImage,18,18,2023-09-27 15:16:25.050381
19,image,AttachedImage,19,19,2023-09-27 15:16:25.093036
20,image,AttachedImage,20,20,2023-09-27 15:16:25.137881
21,image,AttachedImage,21,21,2023-09-27 15:16:25.181888
22,image,AttachedImage,22,22,2023-09-27 15:16:25.223616
23,image,AttachedImage,23,23,2023-09-27 15:16:25.266721
24,image,AttachedImage,24,24,2023-09-27 15:16:25.337401
25,image,AttachedImage,25,25,2023-09-27 15:16:25.391042
26,image,AttachedImage,26,26,2023-09-27 15:16:25.436035
27,image,AttachedImage,27,27,2023-09-27 15:16:25.486161
28,image,AttachedImage,28,28,2023-09-27 15:16:25.535525
29,image,AttachedImage,29,29,2023-09-27 15:16:25.581829
30,image,AttachedImage,30,30,2023-09-27 15:16:25.627151
31,image,AttachedImage,31,31,2023-09-27 15:16:25.674435
32,image,AttachedImage,32,32,2023-09-27 15:16:25.721617
33,image,AttachedImage,33,33,2023-09-27 15:16:25.765403
34,image,AttachedImage,34,34,2023-09-27 15:16:25.812931
35,image,AttachedImage,35,35,2023-09-27 15:16:25.857661
36,image,AttachedImage,36,36,2023-09-27 15:16:25.905683
37,image,AttachedImage,37,37,2023-09-27 15:16:25.955383
38,image,AttachedImage,38,38,2023-09-27 15:16:26.013038
39,image,AttachedImage,39,39,2023-09-27 15:16:26.059209
40,image,AttachedImage,40,40,2023-09-27 15:16:26.105124
41,image,AttachedImage,41,41,2023-09-27 15:16:26.150784
42,image,AttachedImage,42,42,2023-09-27 15:16:26.194994
43,image,AttachedImage,43,43,2023-09-27 15:16:26.239730
44,image,AttachedImage,44,44,2023-09-27 15:16:26.289862
45,image,AttachedImage,45,45,2023-09-27 15:16:26.337262
46,image,AttachedImage,46,46,2023-09-27 15:16:26.386502
47,image,AttachedImage,47,47,2023-09-27 15:16:26.431991
48,image,AttachedImage,48,48,2023-09-27 15:16:26.475811
49,image,AttachedImage,49,49,2023-09-27 15:16:26.527733
50,image,AttachedImage,50,50,2023-09-27 15:16:26.575595
51,image,AttachedImage,51,51,2023-09-27 15:16:26.624979
52,image,AttachedImage,52,52,2023-09-27 15:16:26.673401
53,image,AttachedImage,53,53,2023-09-27 15:16:26.723090
54,image,AttachedImage,54,54,2023-09-27 15:16:26.774390
55,image,AttachedImage,55,55,2023-09-27 15:16:26.822388
56,image,AttachedImage,56,56,2023-09-27 15:16:26.884341
57,image,AttachedImage,57,57,2023-09-27 15:16:26.935263
58,image,AttachedImage,58,58,2023-09-27 15:16:26.986560
59,image,AttachedImage,59,59,2023-09-27 15:16:27.035393
60,image,AttachedImage,60,60,2023-09-27 15:16:27.089310
61,image,AttachedImage,61,61,2023-09-27 15:16:27.131683
62,image,AttachedImage,62,62,2023-09-27 15:16:27.177936
63,image,AttachedImage,63,63,2023-09-27 15:16:27.226503
64,image,AttachedImage,64,64,2023-09-27 15:16:27.267581
65,image,AttachedImage,65,65,2023-09-27 15:16:27.312360
66,image,AttachedImage,66,66,2023-09-27 15:16:27.358029
67,image,AttachedImage,67,67,2023-09-27 15:16:27.406581
68,image,AttachedImage,68,68,2023-09-27 15:16:27.455982
69,image,AttachedImage,69,69,2023-09-27 15:16:27.508674
70,image,AttachedImage,70,70,2023-09-27 15:16:27.561344
71,image,AttachedImage,71,71,2023-09-27 15:16:27.620997
72,image,AttachedImage,72,72,2023-09-27 15:16:27.674978
73,image,AttachedImage,73,73,2023-09-27 15:16:27.726776
74,image,AttachedImage,74,74,2023-09-27 15:16:27.776299
75,image,AttachedImage,75,75,2023-09-27 15:16:27.827128
76,image,AttachedImage,76,76,2023-09-27 15:16:27.879218
77,image,AttachedImage,77,77,2023-09-27 15:16:27.928950
78,image,AttachedImage,78,78,2023-09-27 15:16:27.982786
79,image,AttachedImage,79,79,2023-09-27 15:16:28.032154
80,image,AttachedImage,80,80,2023-09-27 15:16:28.084400
81,image,AttachedImage,81,81,2023-09-27 15:16:28.134908
82,image,AttachedImage,82,82,2023-09-27 15:16:28.191084
83,image,AttachedImage,83,83,2023-09-27 15:16:28.238593
84,image,AttachedImage,84,84,2023-09-27 15:16:28.289181
85,image,AttachedImage,85,85,2023-09-27 15:16:28.342239
86,image,AttachedImage,86,86,2023-09-27 15:16:28.394420
87,image,AttachedImage,87,87,2023-09-27 15:16:28.442465
88,image,AttachedImage,88,88,2023-09-27 15:16:28.494571
89,image,AttachedImage,89,89,2023-09-27 15:16:28.548546
90,image,AttachedImage,90,90,2023-09-27 15:16:28.603376
91,image,AttachedImage,91,91,2023-09-27 15:16:28.668767
92,image,AttachedImage,92,92,2023-09-27 15:16:28.720183
93,image,AttachedImage,93,93,2023-09-27 15:16:28.769478
94,image,AttachedImage,94,94,2023-09-27 15:16:28.819005
95,image,AttachedImage,95,95,2023-09-27 15:16:28.870805
96,image,AttachedImage,96,96,2023-09-27 15:16:28.930393
97,image,AttachedImage,97,97,2023-09-27 15:16:28.980237
98,image,AttachedImage,98,98,2023-09-27 15:16:29.026295
99,image,AttachedImage,99,99,2023-09-27 15:16:29.077799
100,image,AttachedImage,100,100,2023-09-27 15:16:29.126418
101,image,AttachedImage,101,101,2023-09-27 15:16:29.171386
102,image,AttachedImage,102,102,2023-09-27 15:16:29.215267
103,image,AttachedImage,103,103,2023-09-27 15:16:29.263826
104,image,AttachedImage,104,104,2023-09-27 15:16:29.309011
105,image,AttachedImage,105,105,2023-09-27 15:16:29.355152
106,image,AttachedImage,106,106,2023-09-27 15:16:29.404056
107,image,AttachedImage,107,107,2023-09-27 15:16:29.453454
108,image,AttachedImage,108,108,2023-09-27 15:16:29.506639
109,image,AttachedImage,109,109,2023-09-27 15:16:29.551222
110,image,AttachedImage,110,110,2023-09-27 15:16:29.587963
111,image,AttachedImage,111,111,2023-09-27 15:16:29.634815
112,image,AttachedImage,112,112,2023-09-27 15:16:29.683162
113,image,AttachedImage,113,113,2023-09-27 15:16:29.725821
114,image,AttachedImage,114,114,2023-09-27 15:16:29.771401
115,image,AttachedImage,115,115,2023-09-27 15:16:29.816363
116,image,AttachedImage,116,116,2023-09-27 15:16:29.858747
117,image,AttachedImage,117,117,2023-09-27 15:16:29.919715
118,image,AttachedImage,118,118,2023-09-27 15:16:29.974219
119,image,AttachedImage,119,119,2023-09-27 15:16:30.024288
120,image,AttachedImage,120,120,2023-09-27 15:16:30.075725
121,image,AttachedImage,121,121,2023-09-27 15:16:30.131079
122,image,AttachedImage,122,122,2023-09-27 15:16:30.180289
123,image,AttachedImage,123,123,2023-09-27 15:16:30.230535
124,image,AttachedImage,124,124,2023-09-27 15:16:30.274890
125,image,AttachedImage,125,125,2023-09-27 15:16:30.323426
126,image,AttachedImage,126,126,2023-09-27 15:16:30.373805
127,image,AttachedImage,127,127,2023-09-27 15:16:30.424320
128,image,AttachedImage,128,128,2023-09-27 15:16:30.468324
129,image,AttachedImage,129,129,2023-09-27 15:16:30.514671
130,image,AttachedImage,130,130,2023-09-27 15:16:30.561993
131,image,AttachedImage,131,131,2023-09-27 15:16:30.606339
132,image,AttachedImage,132,132,2023-09-27 15:16:30.651716
133,image,AttachedImage,133,133,2023-09-27 15:16:30.698586
134,image,AttachedImage,134,134,2023-09-27 15:16:30.740762
135,image,AttachedImage,135,135,2023-09-27 15:16:30.789961
136,image,AttachedImage,136,136,2023-09-27 15:16:30.834505
137,image,AttachedImage,137,137,2023-09-27 15:16:30.881611
138,image,AttachedImage,138,138,2023-09-27 15:16:30.928817
139,image,AttachedImage,139,139,2023-09-27 15:16:30.970563
140,image,AttachedImage,140,140,2023-09-27 15:16:31.021247
141,image,AttachedImage,141,141,2023-09-27 15:16:31.066433
142,image,AttachedImage,142,142,2023-09-27 15:16:31.108291
143,image,AttachedImage,143,143,2023-09-27 15:16:31.158297
144,image,AttachedImage,144,144,2023-09-27 15:16:31.209901
145,image,AttachedImage,145,145,2023-09-27 15:16:31.259662
146,image,AttachedImage,146,146,2023-09-27 15:16:31.312105
147,image,AttachedImage,147,147,2023-09-27 15:16:31.352809
148,image,AttachedImage,148,148,2023-09-27 15:16:31.398775
149,image,AttachedImage,149,149,2023-09-27 15:16:31.438279
150,image,AttachedImage,150,150,2023-09-27 15:16:31.483687
151,image,AttachedImage,151,151,2023-09-27 15:16:31.530822
152,image,AttachedImage,152,152,2023-09-27 15:16:31.574500
153,image,AttachedImage,153,153,2023-09-27 15:16:31.621100
154,image,AttachedImage,154,154,2023-09-27 15:16:31.669737
155,image,AttachedImage,155,155,2023-09-27 15:16:31.717897
156,image,AttachedImage,156,156,2023-09-27 15:16:31.774666
157,image,AttachedImage,157,157,2023-09-27 15:16:31.818005
158,image,AttachedImage,158,158,2023-09-27 15:16:31.862893
159,image,AttachedImage,159,159,2023-09-27 15:16:31.911677
160,image,AttachedImage,160,160,2023-09-27 15:16:31.959387
161,image,AttachedImage,161,161,2023-09-27 15:16:32.005836
162,image,AttachedImage,162,162,2023-09-27 15:16:32.048214
166,image,AttachedImage,166,166,2023-09-27 15:16:32.223451
167,image,AttachedImage,167,167,2023-09-27 15:16:32.266454
168,image,AttachedImage,168,168,2023-09-27 15:16:32.308362
169,image,AttachedImage,169,169,2023-09-27 15:16:32.355227
170,image,AttachedImage,170,170,2023-09-27 15:16:32.409264
171,image,AttachedImage,171,171,2023-09-27 15:16:32.460124
175,image,AttachedImage,175,175,2023-09-27 15:16:32.658494
176,image,AttachedImage,176,176,2023-09-27 15:16:32.702772
177,image,AttachedImage,177,177,2023-09-27 15:16:32.750215
178,image,AttachedImage,178,178,2023-09-27 15:16:32.797503
179,image,AttachedImage,179,179,2023-09-27 15:16:32.843288
180,image,AttachedImage,180,180,2023-09-27 15:16:32.897168
181,image,AttachedImage,181,181,2023-09-27 15:16:32.942357
182,image,AttachedImage,182,182,2023-09-27 15:16:32.988702
183,image,AttachedImage,183,183,2023-09-27 15:16:33.038820
184,image,AttachedImage,184,184,2023-09-27 15:16:33.087186
185,image,AttachedImage,185,185,2023-09-27 15:16:33.131977
186,image,AttachedImage,186,186,2023-09-27 15:16:33.179895
187,image,AttachedImage,187,187,2023-09-27 15:16:33.229022
188,image,AttachedImage,188,188,2023-09-27 15:16:33.300211
189,image,AttachedImage,189,189,2023-09-27 15:16:33.358022
190,image,AttachedImage,190,190,2023-09-27 15:16:33.411884
191,image,AttachedImage,191,191,2023-09-27 15:16:33.453024
192,image,AttachedImage,192,192,2023-09-27 15:16:33.495568
193,image,AttachedImage,193,193,2023-09-27 15:16:33.541164
194,image,AttachedImage,194,194,2023-09-27 15:16:33.590083
195,image,AttachedImage,195,195,2023-09-27 15:16:33.635939
196,image,AttachedImage,196,196,2023-09-27 15:16:33.681149
197,image,AttachedImage,197,197,2023-09-27 15:16:33.722762
198,image,AttachedImage,198,198,2023-09-27 15:16:33.770027
199,image,AttachedImage,199,199,2023-09-27 15:16:33.817332
200,image,AttachedImage,200,200,2023-09-27 15:16:33.864758
201,image,AttachedImage,201,201,2023-09-27 15:16:33.915098
202,image,AttachedImage,202,202,2023-09-27 15:16:33.959547
203,image,AttachedImage,203,203,2023-09-27 15:16:34.007929
204,image,AttachedImage,204,204,2023-09-27 15:16:34.048711
205,image,AttachedImage,205,205,2023-09-27 15:16:34.092976
206,image,AttachedImage,206,206,2023-09-27 15:16:34.140043
207,image,AttachedImage,207,207,2023-09-27 15:16:34.184825
208,image,AttachedImage,208,208,2023-09-27 15:16:34.229652
209,image,AttachedImage,209,209,2023-09-27 15:16:34.271896
210,image,AttachedImage,210,210,2023-09-27 15:16:34.321635
211,image,AttachedImage,211,211,2023-09-27 15:16:34.367633
212,image,AttachedImage,212,212,2023-09-27 15:16:34.412653
213,image,AttachedImage,213,213,2023-09-27 15:16:34.458388
214,image,AttachedImage,214,214,2023-09-27 15:16:34.508727
215,image,AttachedImage,215,215,2023-09-27 15:16:34.557975
216,image,AttachedImage,216,216,2023-09-27 15:16:34.606822
217,image,AttachedImage,217,217,2023-09-27 15:16:34.665674
218,image,AttachedImage,218,218,2023-09-27 15:16:34.725764
219,image,AttachedImage,219,219,2023-09-27 15:16:34.768162
220,image,AttachedImage,220,220,2023-09-27 15:16:34.816010
221,image,AttachedImage,221,221,2023-09-27 15:16:34.870443
222,image,AttachedImage,222,222,2023-09-27 15:16:34.914597
223,image,AttachedImage,223,223,2023-09-27 15:16:34.963653
224,image,AttachedImage,224,224,2023-09-27 15:16:35.012436
225,image,AttachedImage,225,225,2023-09-27 15:16:35.057424
226,image,AttachedImage,226,226,2023-09-27 15:16:35.102967
227,image,AttachedImage,227,227,2023-09-27 15:16:35.160728
228,image,AttachedImage,228,228,2023-09-27 15:16:35.214507
229,image,AttachedImage,229,229,2023-09-27 15:16:35.268259
230,image,AttachedImage,230,230,2023-09-27 15:16:35.317443
231,image,AttachedImage,231,231,2023-09-27 15:16:35.372527
232,image,AttachedImage,232,232,2023-09-27 15:16:35.426106
233,image,AttachedImage,233,233,2023-09-27 15:16:35.474634
234,image,AttachedImage,234,234,2023-09-27 15:16:35.527175
235,image,AttachedImage,235,235,2023-09-27 15:16:35.578845
236,image,AttachedImage,236,236,2023-09-27 15:16:35.629909
237,image,AttachedImage,237,237,2023-09-27 15:16:35.681338
238,image,AttachedImage,238,238,2023-09-27 15:16:35.737152
239,image,AttachedImage,239,239,2023-09-27 15:16:35.782584
240,image,AttachedImage,240,240,2023-09-27 15:16:35.834053
241,image,AttachedImage,241,241,2023-09-27 15:16:35.886169
242,image,AttachedImage,242,242,2023-09-27 15:16:35.933852
243,image,AttachedImage,243,243,2023-09-27 15:16:35.989324
244,image,AttachedImage,244,244,2023-09-27 15:16:36.036933
245,image,AttachedImage,245,245,2023-09-27 15:16:36.084685
246,image,AttachedImage,246,246,2023-09-27 15:16:36.129826
247,image,AttachedImage,247,247,2023-09-27 15:16:36.180969
248,image,AttachedImage,248,248,2023-09-27 15:16:36.232943
249,image,AttachedImage,249,249,2023-09-27 15:16:36.280232
250,image,AttachedImage,250,250,2023-09-27 15:16:36.331526
251,image,AttachedImage,251,251,2023-09-27 15:16:36.379263
252,image,AttachedImage,252,252,2023-09-27 15:16:36.435064
253,image,AttachedImage,253,253,2023-09-27 15:16:36.485607
254,image,AttachedImage,254,254,2023-09-27 15:16:36.537788
255,image,AttachedImage,255,255,2023-09-27 15:16:36.592543
256,image,AttachedImage,256,256,2023-09-27 15:16:36.645527
257,image,AttachedImage,257,257,2023-09-27 15:16:36.699015
258,image,AttachedImage,258,258,2023-09-27 15:16:36.794257
259,image,AttachedImage,259,259,2023-09-27 15:16:36.846844
260,image,AttachedImage,260,260,2023-09-27 15:16:36.900174
261,image,AttachedImage,261,261,2023-09-27 15:16:36.955179
262,image,AttachedImage,262,262,2023-09-27 15:16:37.007961
263,image,AttachedImage,263,263,2023-09-27 15:16:37.063378
264,image,AttachedImage,264,264,2023-09-27 15:16:37.119140
265,image,AttachedImage,265,265,2023-09-27 15:16:37.183034
266,image,AttachedImage,266,266,2023-09-27 15:16:37.233462
267,image,AttachedImage,267,267,2023-09-27 15:16:37.288333
268,image,AttachedImage,268,268,2023-09-27 15:16:37.344190
269,image,AttachedImage,269,269,2023-09-27 15:16:37.413069
270,image,AttachedImage,270,270,2023-09-27 15:16:37.486816
271,image,AttachedImage,271,271,2023-09-27 15:16:37.550142
272,image,AttachedImage,272,272,2023-09-27 15:16:37.614505
273,image,AttachedImage,273,273,2023-09-27 15:16:37.684632
274,image,AttachedImage,274,274,2023-09-27 15:16:37.751664
275,image,AttachedImage,275,275,2023-09-27 15:16:37.806416
276,image,AttachedImage,276,276,2023-09-27 15:16:37.864989
277,image,AttachedImage,277,277,2023-09-27 15:16:37.993151
278,image,AttachedImage,278,278,2023-09-27 15:16:38.048762
279,image,AttachedImage,279,279,2023-09-27 15:16:38.103632
280,image,AttachedImage,280,280,2023-09-27 15:16:38.155569
281,image,AttachedImage,281,281,2023-09-27 15:16:38.203264
282,image,AttachedImage,282,282,2023-09-27 15:16:38.254836
283,image,AttachedImage,283,283,2023-09-27 15:16:38.308227
284,image,AttachedImage,284,284,2023-09-27 15:16:38.352926
285,image,AttachedImage,285,285,2023-09-27 15:16:38.410669
286,image,AttachedImage,286,286,2023-09-27 15:16:38.460953
287,image,AttachedImage,287,287,2023-09-27 15:16:38.513254
288,image,AttachedImage,288,288,2023-09-27 15:16:38.569288
289,image,AttachedImage,289,289,2023-09-27 15:16:38.622820
290,image,AttachedImage,290,290,2023-09-27 15:16:38.672438
291,image,AttachedImage,291,291,2023-09-27 15:16:38.725390
292,image,AttachedImage,292,292,2023-09-27 15:16:38.780025
293,image,AttachedImage,293,293,2023-09-27 15:16:38.826786
294,image,AttachedImage,294,294,2023-09-27 15:16:38.879879
295,image,AttachedImage,295,295,2023-09-27 15:16:38.930708
296,image,AttachedImage,296,296,2023-09-27 15:16:38.970565
297,image,AttachedImage,297,297,2023-09-27 15:16:39.021211
298,image,AttachedImage,298,298,2023-09-27 15:16:39.069966
299,image,AttachedImage,299,299,2023-09-27 15:16:39.118953
300,image,AttachedImage,300,300,2023-09-27 15:16:39.175194
301,image,AttachedImage,301,301,2023-09-27 15:16:39.226361
302,image,AttachedImage,302,302,2023-09-27 15:16:39.269811
303,image,AttachedImage,303,303,2023-09-27 15:16:39.315506
304,image,AttachedImage,304,304,2023-09-27 15:16:39.364456
305,image,AttachedImage,305,305,2023-09-27 15:16:39.417802
306,image,AttachedImage,306,306,2023-09-27 15:16:39.471658
307,image,AttachedImage,307,307,2023-09-27 15:16:39.524096
308,image,AttachedImage,308,308,2023-09-27 15:16:39.579137
309,image,AttachedImage,309,309,2023-09-27 15:16:39.627630
310,image,AttachedImage,310,310,2023-09-27 15:16:39.681674
311,image,AttachedImage,311,311,2023-09-27 15:16:39.733897
312,image,AttachedImage,312,312,2023-09-27 15:16:39.783643
313,image,AttachedImage,313,313,2023-09-27 15:16:39.837706
314,image,AttachedImage,314,314,2023-09-27 15:16:39.891654
315,image,AttachedImage,315,315,2023-09-27 15:16:39.944166
316,image,AttachedImage,316,316,2023-09-27 15:16:39.998155
317,image,AttachedImage,317,317,2023-09-27 15:16:40.061292
318,image,AttachedImage,318,318,2023-09-27 15:16:40.115800
319,image,AttachedImage,319,319,2023-09-27 15:16:40.171704
320,image,AttachedImage,320,320,2023-09-27 15:16:40.222494
321,image,AttachedImage,321,321,2023-09-27 15:16:40.275972
322,image,AttachedImage,322,322,2023-09-27 15:16:40.321274
323,image,AttachedImage,323,323,2023-09-27 15:16:40.380085
324,image,AttachedImage,324,324,2023-09-27 15:16:40.432248
325,image,AttachedImage,325,325,2023-09-27 15:16:40.483313
326,image,AttachedImage,326,326,2023-09-27 15:16:40.533770
327,image,AttachedImage,327,327,2023-09-27 15:16:40.585083
328,image,AttachedImage,328,328,2023-09-27 15:16:40.638564
329,image,AttachedImage,329,329,2023-09-27 15:16:40.685052
330,image,AttachedImage,330,330,2023-09-27 15:16:40.735516
331,image,AttachedImage,331,331,2023-09-27 15:16:40.786893
332,image,AttachedImage,332,332,2023-09-27 15:16:40.832978
333,image,AttachedImage,333,333,2023-09-27 15:16:40.884619
334,image,AttachedImage,334,334,2023-09-27 15:16:40.942987
335,image,AttachedImage,335,335,2023-09-27 15:16:41.007746
336,image,AttachedImage,336,336,2023-09-27 15:16:41.066644
337,image,AttachedImage,337,337,2023-09-27 15:16:41.122260
338,image,AttachedImage,338,338,2023-09-27 15:16:41.178352
339,image,AttachedImage,339,339,2023-09-27 15:16:41.227704
340,image,AttachedImage,340,340,2023-09-27 15:16:41.292299
341,image,AttachedImage,341,341,2023-09-27 15:16:41.347267
342,image,AttachedImage,342,342,2023-09-27 15:16:41.400530
343,image,AttachedImage,343,343,2023-09-27 15:16:41.464851
344,image,AttachedImage,344,344,2023-09-27 15:16:41.510388
345,image,AttachedImage,345,345,2023-09-27 15:16:41.579282
346,image,AttachedImage,346,346,2023-09-27 15:16:41.636475
347,image,AttachedImage,347,347,2023-09-27 15:16:41.694848
348,image,AttachedImage,348,348,2023-09-27 15:16:41.758132
349,image,AttachedImage,349,349,2023-09-27 15:16:41.828318
350,image,AttachedImage,350,350,2023-09-27 15:16:41.886498
351,image,AttachedImage,351,351,2023-09-27 15:16:41.939042
352,image,AttachedImage,352,352,2023-09-27 15:16:41.995535
353,image,AttachedImage,353,353,2023-09-27 15:16:42.041427
354,image,AttachedImage,354,354,2023-09-27 15:16:42.092721
355,image,AttachedImage,355,355,2023-09-27 15:16:42.156877
356,image,AttachedImage,356,356,2023-09-27 15:16:42.207962
357,image,AttachedImage,357,357,2023-09-27 15:16:42.255431
358,image,AttachedImage,358,358,2023-09-27 15:16:42.309165
359,image,AttachedImage,359,359,2023-09-27 15:16:42.367174
360,image,AttachedImage,360,360,2023-09-27 15:16:42.416710
361,image,AttachedImage,361,361,2023-09-27 15:16:42.469892
362,image,AttachedImage,362,362,2023-09-27 15:16:42.512684
363,image,AttachedImage,363,363,2023-09-27 15:16:42.564909
364,image,AttachedImage,364,364,2023-09-27 15:16:42.621836
365,image,AttachedImage,365,365,2023-09-27 15:16:42.688693
366,image,AttachedImage,366,366,2023-09-27 15:16:42.747759
367,image,AttachedImage,367,367,2023-09-27 15:16:42.796860
368,image,AttachedImage,368,368,2023-09-27 15:16:42.847452
369,image,AttachedImage,369,369,2023-09-27 15:16:42.899008
370,image,AttachedImage,370,370,2023-09-27 15:16:42.953387
371,image,AttachedImage,371,371,2023-09-27 15:16:43.002599
372,image,AttachedImage,372,372,2023-09-27 15:16:43.063974
373,image,AttachedImage,373,373,2023-09-27 15:16:43.118686
374,image,AttachedImage,374,374,2023-09-27 15:16:43.173368
375,image,AttachedImage,375,375,2023-09-27 15:16:43.230327
376,image,AttachedImage,376,376,2023-09-27 15:16:43.285796
377,image,AttachedImage,377,377,2023-09-27 15:16:43.334861
378,image,AttachedImage,378,378,2023-09-27 15:16:43.387845
379,image,AttachedImage,379,379,2023-09-27 15:16:43.437740
380,image,AttachedImage,380,380,2023-09-27 15:16:43.481890
381,image,AttachedImage,381,381,2023-09-27 15:16:43.537493
382,image,AttachedImage,382,382,2023-09-27 15:16:43.596350
383,image,AttachedImage,383,383,2023-09-27 15:16:43.657533
384,image,AttachedImage,384,384,2023-09-27 15:16:43.708948
385,image,AttachedImage,385,385,2023-09-27 15:16:43.767992
386,image,AttachedImage,386,386,2023-09-27 15:16:43.816612
387,image,AttachedImage,387,387,2023-09-27 15:16:43.872514
388,image,AttachedImage,388,388,2023-09-27 15:16:43.931992
389,image,AttachedImage,389,389,2023-09-27 15:16:43.983244
390,image,AttachedImage,390,390,2023-09-27 15:16:44.049082
391,image,AttachedImage,391,391,2023-09-27 15:16:44.100731
392,image,AttachedImage,392,392,2023-09-27 15:16:44.155796
393,image,AttachedImage,393,393,2023-09-27 15:16:44.201638
394,image,AttachedImage,394,394,2023-09-27 15:16:44.248361
395,image,AttachedImage,395,395,2023-09-27 15:16:44.294058
396,image,AttachedImage,396,396,2023-09-27 15:16:44.343116
397,image,AttachedImage,397,397,2023-09-27 15:16:44.401328
398,image,AttachedImage,398,398,2023-09-27 15:16:44.446351
399,image,AttachedImage,399,399,2023-09-27 15:16:44.500329
400,image,AttachedImage,400,400,2023-09-27 15:16:44.554166
401,image,AttachedImage,401,401,2023-09-27 15:16:44.609174
402,image,AttachedImage,402,402,2023-09-27 15:16:44.660814
403,image,AttachedImage,403,403,2023-09-27 15:16:44.716854
404,image,AttachedImage,404,404,2023-09-27 15:16:44.762283
405,image,AttachedImage,405,405,2023-09-27 15:16:44.808387
406,image,AttachedImage,406,406,2023-09-27 15:16:44.857522
407,image,AttachedImage,407,407,2023-09-27 15:16:44.909072
408,image,AttachedImage,408,408,2023-09-27 15:16:44.968303
409,image,AttachedImage,409,409,2023-09-27 15:16:45.020384
410,image,AttachedImage,410,410,2023-09-27 15:16:45.068700
411,image,AttachedImage,411,411,2023-09-27 15:16:45.119303
412,image,AttachedImage,412,412,2023-09-27 15:16:45.175387
413,image,AttachedImage,413,413,2023-09-27 15:16:45.222854
414,image,AttachedImage,414,414,2023-09-27 15:16:45.276692
415,image,AttachedImage,415,415,2023-09-27 15:16:45.327075
416,image,AttachedImage,416,416,2023-09-27 15:16:45.377279
417,image,AttachedImage,417,417,2023-09-27 15:16:45.429038
418,image,AttachedImage,418,418,2023-09-27 15:16:45.479630
419,image,AttachedImage,419,419,2023-09-27 15:16:45.528734
420,image,AttachedImage,420,420,2023-09-27 15:16:45.583682
421,image,AttachedImage,421,421,2023-09-27 15:16:45.649601
422,image,AttachedImage,422,422,2023-09-27 15:16:45.704417
423,image,AttachedImage,423,423,2023-09-27 15:16:45.752093
424,image,AttachedImage,424,424,2023-09-27 15:16:45.800173
425,image,AttachedImage,425,425,2023-09-27 15:16:45.857350
426,image,AttachedImage,426,426,2023-09-27 15:16:45.913185
427,image,AttachedImage,427,427,2023-09-27 15:16:45.967342
428,image,AttachedImage,428,428,2023-09-27 15:16:46.010481
429,image,AttachedImage,429,429,2023-09-27 15:16:46.074145
430,image,AttachedImage,430,430,2023-09-27 15:16:46.136227
431,image,AttachedImage,431,431,2023-09-27 15:16:46.194622
432,image,AttachedImage,432,432,2023-09-27 15:16:46.255572
433,image,AttachedImage,433,433,2023-09-27 15:16:46.312466
434,image,AttachedImage,434,434,2023-09-27 15:16:46.370419
435,image,AttachedImage,435,435,2023-09-27 15:16:46.423086
436,image,AttachedImage,436,436,2023-09-27 15:16:46.484672
437,image,AttachedImage,437,437,2023-09-27 15:16:46.525326
438,image,AttachedImage,438,438,2023-09-27 15:16:46.576546
439,image,AttachedImage,439,439,2023-09-27 15:16:46.627198
440,image,AttachedImage,440,440,2023-09-27 15:16:46.675950
441,image,AttachedImage,441,441,2023-09-27 15:16:46.733014
442,image,AttachedImage,442,442,2023-09-27 15:16:46.792611
443,image,AttachedImage,443,443,2023-09-27 15:16:46.860958
444,image,AttachedImage,444,444,2023-09-27 15:16:46.914014
445,image,AttachedImage,445,445,2023-09-27 15:16:46.972987
446,image,AttachedImage,446,446,2023-09-27 15:16:47.051205
447,image,AttachedImage,447,447,2023-09-27 15:16:47.106028
448,image,AttachedImage,448,448,2023-09-27 15:16:47.155816
449,image,AttachedImage,449,449,2023-09-27 15:16:47.206245
450,image,AttachedImage,450,450,2023-09-27 15:16:47.259380
451,image,AttachedImage,451,451,2023-09-27 15:16:47.311450
452,image,AttachedImage,452,452,2023-09-27 15:16:47.363593
453,image,AttachedImage,453,453,2023-09-27 15:16:47.414715
454,image,AttachedImage,454,454,2023-09-27 15:16:47.472580
455,image,AttachedImage,455,455,2023-09-27 15:16:47.521564
456,image,AttachedImage,456,456,2023-09-27 15:16:47.572422
457,image,AttachedImage,457,457,2023-09-27 15:16:47.625198
458,image,AttachedImage,458,458,2023-09-27 15:16:47.666924
459,image,AttachedImage,459,459,2023-09-27 15:16:47.723285
460,image,AttachedImage,460,460,2023-09-27 15:16:47.786346
461,image,AttachedImage,461,461,2023-09-27 15:16:47.832742
462,image,AttachedImage,462,462,2023-09-27 15:16:47.890944
463,image,AttachedImage,463,463,2023-09-27 15:16:47.945363
464,image,AttachedImage,464,464,2023-09-27 15:16:47.995035
465,image,AttachedImage,465,465,2023-09-27 15:16:48.044768
466,image,AttachedImage,466,466,2023-09-27 15:16:48.098790
467,image,AttachedImage,467,467,2023-09-27 15:16:48.155684
468,image,AttachedImage,468,468,2023-09-27 15:16:48.201831
469,image,AttachedImage,469,469,2023-09-27 15:16:48.253751
470,image,AttachedImage,470,470,2023-09-27 15:16:48.303395
471,image,AttachedImage,471,471,2023-09-27 15:16:48.362188
472,image,AttachedImage,472,472,2023-09-27 15:16:48.421093
473,image,AttachedImage,473,473,2023-09-27 15:16:48.473766
474,image,AttachedImage,474,474,2023-09-27 15:16:48.526908
475,image,AttachedImage,475,475,2023-09-27 15:16:48.582807
476,image,AttachedImage,476,476,2023-09-27 15:16:48.628240
477,image,AttachedImage,477,477,2023-09-27 15:16:48.673086
478,image,AttachedImage,478,478,2023-09-27 15:16:48.719613
479,image,AttachedImage,479,479,2023-09-27 15:16:48.771375
480,image,AttachedImage,480,480,2023-09-27 15:16:48.825071
481,image,AttachedImage,481,481,2023-09-27 15:16:48.883140
482,image,AttachedImage,482,482,2023-09-27 15:16:48.939697
483,image,AttachedImage,483,483,2023-09-27 15:16:48.997102
484,image,AttachedImage,484,484,2023-09-27 15:16:49.037957
485,image,AttachedImage,485,485,2023-09-27 15:16:49.085915
486,image,AttachedImage,486,486,2023-09-27 15:16:49.135737
487,image,AttachedImage,487,487,2023-09-27 15:16:49.184036
488,image,AttachedImage,488,488,2023-09-27 15:16:49.239844
489,image,AttachedImage,489,489,2023-09-27 15:16:49.292084
490,image,AttachedImage,490,490,2023-09-27 15:16:49.338942
491,image,AttachedImage,491,491,2023-09-27 15:16:49.381577
492,image,AttachedImage,492,492,2023-09-27 15:16:49.434988
493,image,AttachedImage,493,493,2023-09-27 15:16:49.483857
494,image,AttachedImage,494,494,2023-09-27 15:16:49.543726
495,image,AttachedImage,495,495,2023-09-27 15:16:49.599748
496,image,AttachedImage,496,496,2023-09-27 15:16:49.654343
497,image,AttachedImage,497,497,2023-09-27 15:16:49.708710
498,image,AttachedImage,498,498,2023-09-27 15:16:49.760649
499,image,AttachedImage,499,499,2023-09-27 15:16:49.806464
500,image,AttachedImage,500,500,2023-09-27 15:16:49.858375
501,image,AttachedImage,501,501,2023-09-27 15:16:49.911220
502,image,AttachedImage,502,502,2023-09-27 15:16:49.968510
503,image,AttachedImage,503,503,2023-09-27 15:16:50.020819
504,image,AttachedImage,504,504,2023-09-27 15:16:50.072512
505,image,AttachedImage,505,505,2023-09-27 15:16:50.129227
506,image,AttachedImage,506,506,2023-09-27 15:16:50.178487
507,image,AttachedImage,507,507,2023-09-27 15:16:50.228792
508,image,AttachedImage,508,508,2023-09-27 15:16:50.281753
509,image,AttachedImage,509,509,2023-09-27 15:16:50.331757
510,image,AttachedImage,510,510,2023-09-27 15:16:50.387701
511,image,AttachedImage,511,511,2023-09-27 15:16:50.433524
512,image,AttachedImage,512,512,2023-09-27 15:16:50.482945
513,image,AttachedImage,513,513,2023-09-27 15:16:50.535252
514,image,AttachedImage,514,514,2023-09-27 15:16:50.581954
515,image,AttachedImage,515,515,2023-09-27 15:16:50.633336
516,image,AttachedImage,516,516,2023-09-27 15:16:50.685332
517,image,AttachedImage,517,517,2023-09-27 15:16:50.737652
518,image,AttachedImage,518,518,2023-09-27 15:16:50.782580
519,image,AttachedImage,519,519,2023-09-27 15:16:50.836082
520,image,AttachedImage,520,520,2023-09-27 15:16:50.893815
521,image,AttachedImage,521,521,2023-09-27 15:16:50.948207
522,image,AttachedImage,522,522,2023-09-27 15:16:50.999582
523,image,AttachedImage,523,523,2023-09-27 15:16:51.056234
524,image,AttachedImage,524,524,2023-09-27 15:16:51.100901
525,image,AttachedImage,525,525,2023-09-27 15:16:51.149008
526,image,AttachedImage,526,526,2023-09-27 15:16:51.203355
527,image,AttachedImage,527,527,2023-09-27 15:16:51.255792
528,image,AttachedImage,528,528,2023-09-27 15:16:51.307947
529,image,AttachedImage,529,529,2023-09-27 15:16:51.361891
530,image,AttachedImage,530,530,2023-09-27 15:16:51.408917
531,image,AttachedImage,531,531,2023-09-27 15:16:51.461018
532,image,AttachedImage,532,532,2023-09-27 15:16:51.509504
533,image,AttachedImage,533,533,2023-09-27 15:16:51.582391
534,image,AttachedImage,534,534,2023-09-27 15:16:51.634097
535,image,AttachedImage,535,535,2023-09-27 15:16:51.693128
536,image,AttachedImage,536,536,2023-09-27 15:16:51.740835
537,image,AttachedImage,537,537,2023-09-27 15:16:51.788963
538,image,AttachedImage,538,538,2023-09-27 15:16:51.847303
539,image,AttachedImage,539,539,2023-09-27 15:16:51.904265
540,image,AttachedImage,540,540,2023-09-27 15:16:51.950952
541,image,AttachedImage,541,541,2023-09-27 15:16:51.998090
542,image,AttachedImage,542,542,2023-09-27 15:16:52.051978
543,image,AttachedImage,543,543,2023-09-27 15:16:52.111137
544,image,AttachedImage,544,544,2023-09-27 15:16:52.162706
545,image,AttachedImage,545,545,2023-09-27 15:16:52.210147
546,image,AttachedImage,546,546,2023-09-27 15:16:52.262276
547,image,AttachedImage,547,547,2023-09-27 15:16:52.318432
548,image,AttachedImage,548,548,2023-09-27 15:16:52.368896
549,image,AttachedImage,549,549,2023-09-27 15:16:52.422894
550,image,AttachedImage,550,550,2023-09-27 15:16:52.476592
551,image,AttachedImage,551,551,2023-09-27 15:16:52.523785
552,image,AttachedImage,552,552,2023-09-27 15:16:52.576908
553,image,AttachedImage,553,553,2023-09-27 15:16:52.628756
554,image,AttachedImage,554,554,2023-09-27 15:16:52.671740
555,image,AttachedImage,555,555,2023-09-27 15:16:52.728639
556,image,AttachedImage,556,556,2023-09-27 15:16:52.783582
557,image,AttachedImage,557,557,2023-09-27 15:16:52.831089
558,image,AttachedImage,558,558,2023-09-27 15:16:52.888297
559,image,AttachedImage,559,559,2023-09-27 15:16:52.939510
560,image,AttachedImage,560,560,2023-09-27 15:16:52.998214
561,image,AttachedImage,561,561,2023-09-27 15:16:53.052235
562,image,AttachedImage,562,562,2023-09-27 15:16:53.105455
563,image,AttachedImage,563,563,2023-09-27 15:16:53.158693
564,image,AttachedImage,564,564,2023-09-27 15:16:53.217128
565,image,AttachedImage,565,565,2023-09-27 15:16:53.268916
566,image,AttachedImage,566,566,2023-09-27 15:16:53.321948
567,image,AttachedImage,567,567,2023-09-27 15:16:53.372608
568,image,AttachedImage,568,568,2023-09-27 15:16:53.425499
569,image,AttachedImage,569,569,2023-09-27 15:16:53.470376
570,image,AttachedImage,570,570,2023-09-27 15:16:53.522777
571,image,AttachedImage,571,571,2023-09-27 15:16:53.588255
572,image,AttachedImage,572,572,2023-09-27 15:16:53.640029
573,image,AttachedImage,573,573,2023-09-27 15:16:53.696640
574,image,AttachedImage,574,574,2023-09-27 15:16:53.764412
575,image,AttachedImage,575,575,2023-09-27 15:16:53.816706
576,image,AttachedImage,576,576,2023-09-27 15:16:53.879758
577,image,AttachedImage,577,577,2023-09-27 15:16:53.945133
578,image,AttachedImage,578,578,2023-09-27 15:16:53.991866
579,image,AttachedImage,579,579,2023-09-27 15:16:54.034241
580,image,AttachedImage,580,580,2023-09-27 15:16:54.089168
581,image,AttachedImage,581,581,2023-09-27 15:16:54.149662
582,image,AttachedImage,582,582,2023-09-27 15:16:54.213169
583,image,AttachedImage,583,583,2023-09-28 21:48:45.284996
584,image,AttachedImage,584,584,2023-09-28 21:48:45.373786
585,image,AttachedImage,585,585,2023-09-28 21:48:45.488762
586,image,AttachedImage,586,586,2023-09-28 21:50:10.639221
587,image,AttachedImage,587,587,2023-09-28 21:50:10.709176
588,image,AttachedImage,588,588,2023-09-28 21:50:10.752586
589,image,AttachedImage,589,589,2023-09-28 21:50:39.690289
590,image,AttachedImage,590,590,2023-09-28 21:50:39.752580
591,image,AttachedImage,591,591,2023-09-28 21:50:39.801401
592,image,AttachedImage,592,592,2023-09-28 21:51:33.556917
593,image,AttachedImage,593,593,2023-09-28 21:51:33.633316
594,image,AttachedImage,594,594,2023-09-28 21:51:33.677587
595,image,AttachedImage,595,595,2023-10-03 17:02:55.698879
596,image,AttachedImage,596,596,2023-10-03 17:02:55.786384
597,image,AttachedImage,597,597,2023-10-03 17:02:55.871127
598,image,AttachedImage,598,598,2023-10-06 03:03:31.496744
599,image,AttachedImage,599,599,2023-10-06 03:03:31.577947
600,image,AttachedImage,600,600,2023-10-06 03:03:31.668201
601,image,AttachedImage,601,601,2023-10-06 03:04:04.227692
602,image,AttachedImage,602,602,2023-10-06 03:04:04.301660
603,image,AttachedImage,603,603,2023-10-06 03:04:04.342885
604,image,AttachedImage,604,604,2023-10-06 03:04:38.966633
605,image,AttachedImage,605,605,2023-10-06 03:04:39.029103
606,image,AttachedImage,606,606,2023-10-06 03:04:39.074131
607,image,AttachedImage,607,607,2023-10-13 13:07:55.932246
608,image,AttachedImage,608,608,2023-10-13 13:07:56.024148
609,image,AttachedImage,609,609,2023-10-13 13:07:56.133739
610,image,AttachedImage,610,610,2023-10-13 13:10:37.791242
611,image,AttachedImage,611,611,2023-10-13 13:10:37.870936
612,image,AttachedImage,612,612,2023-10-13 13:10:37.915621
613,image,AttachedImage,613,613,2023-10-18 13:29:00.975758
614,image,AttachedImage,614,614,2023-10-18 13:29:01.091549
615,image,AttachedImage,615,615,2023-10-18 13:29:01.153167
616,image,AttachedImage,616,616,2023-10-18 18:15:32.999730
617,image,AttachedImage,617,617,2023-10-18 18:15:33.084374
618,image,AttachedImage,618,618,2023-10-18 18:15:33.130686
619,image,AttachedImage,619,619,2023-10-20 12:01:22.509176
620,image,AttachedImage,620,620,2023-10-20 12:01:22.674238
621,image,AttachedImage,621,621,2023-10-20 12:01:22.744217
622,image,AttachedImage,622,622,2023-10-23 22:28:26.942906
623,image,AttachedImage,623,623,2023-10-23 22:28:27.014422
624,image,AttachedImage,624,624,2023-10-23 22:28:27.085082
625,image,AttachedImage,625,625,2023-10-23 22:33:37.535465
626,image,AttachedImage,626,626,2023-10-23 22:33:37.608303
627,image,AttachedImage,627,627,2023-10-23 22:33:37.650032
628,image,AttachedImage,628,628,2023-10-27 13:14:35.736807
629,image,AttachedImage,629,629,2023-10-27 13:14:35.798602
630,image,AttachedImage,630,630,2023-10-27 13:14:35.883006
634,image,AttachedImage,634,634,2023-11-03 02:48:34.744656
635,image,AttachedImage,635,635,2023-11-03 02:48:34.832031
636,image,AttachedImage,636,636,2023-11-03 02:48:34.912666
637,image,AttachedImage,637,637,2023-11-03 02:49:42.220912
638,image,AttachedImage,638,638,2023-11-03 02:49:43.395021
639,image,AttachedImage,639,639,2023-11-03 02:49:43.774157
640,image,AttachedImage,640,640,2023-11-03 02:51:46.359523
641,image,AttachedImage,641,641,2023-11-03 02:51:47.992132
642,image,AttachedImage,642,642,2023-11-03 02:51:48.818594
643,image,AttachedImage,643,643,2023-11-03 02:52:24.119496
644,image,AttachedImage,644,644,2023-11-03 02:52:24.343564
645,image,AttachedImage,645,645,2023-11-03 02:52:24.545989
646,image,AttachedImage,646,646,2023-11-06 16:35:46.430204
647,image,AttachedImage,647,647,2023-11-06 16:35:46.527327
648,image,AttachedImage,648,648,2023-11-06 16:35:46.574079
649,image,AttachedImage,649,649,2023-11-10 14:25:29.720879
650,image,AttachedImage,650,650,2023-11-10 14:25:29.841733
651,image,AttachedImage,651,651,2023-11-10 14:25:29.886723
652,image,AttachedImage,652,652,2023-11-10 16:21:17.382731
653,image,AttachedImage,653,653,2023-11-10 16:21:17.454376
654,image,AttachedImage,654,654,2023-11-10 16:21:17.501298
655,image,AttachedImage,655,655,2023-11-10 16:21:42.487744
656,image,AttachedImage,656,656,2023-11-10 16:21:42.552782
657,image,AttachedImage,657,657,2023-11-10 16:21:42.598253
661,image,AttachedImage,661,661,2023-11-10 16:22:36.255209
662,image,AttachedImage,662,662,2023-11-10 16:22:36.320688
663,image,AttachedImage,663,663,2023-11-10 16:22:36.364139
667,image,AttachedImage,667,667,2023-11-14 17:38:22.816727
668,image,AttachedImage,668,668,2023-11-14 17:38:22.886737
669,image,AttachedImage,669,669,2023-11-14 17:38:22.925815
673,image,AttachedImage,673,673,2023-11-25 17:10:26.921146
674,image,AttachedImage,674,674,2023-11-25 17:10:27.000933
675,image,AttachedImage,675,675,2023-11-25 17:10:27.067600
