id,course_id,location_id,start,end,synchronous,remote_url_title,remote_url,capacity,effort,published_at,cancelled_at,created_at,updated_at,start_epoch,end_epoch
3,122,4,2022-08-12 16:14:00,2022-08-12 16:15:00,1,,,,1,2022-08-12 16:12:17.495894,,2022-08-12 16:11:32.089039,2023-07-25 19:07:04.647573,1660320840,1660320900
10,9,3,2022-11-15 20:00:00,2022-11-15 22:00:00,1,,,14,120,2022-08-12 17:29:14.247118,,2022-08-12 17:28:15.654413,2023-07-25 19:07:05.185254,1668542400,1668549600
12,142,1,2022-09-15 17:00:00,2022-09-15 19:00:00,1,,,20,120,2022-08-12 17:36:10.343575,,2022-08-12 17:35:59.164988,2023-07-25 19:07:05.223003,1663261200,1663268400
13,156,4,2022-09-06 19:00:00,2022-09-06 21:00:00,1,Zoom Link,https://duke.zoom.us/j/99058789780?pwd=ZzgxNGZmWXo0ZlNrcWhFeWppNU9TQT09,30,120,2022-08-12 17:38:25.800327,,2022-08-12 17:37:16.237305,2023-07-25 19:07:05.263409,1662490800,1662498000
14,29,1,2022-11-22 18:00:00,2022-11-22 20:00:00,1,,,15,120,2022-08-12 17:47:03.958032,,2022-08-12 17:43:18.874330,2023-07-25 19:07:05.309349,1669140000,1669147200
15,124,1,2022-09-08 19:00:00,2022-09-08 21:00:00,1,,,20,120,2022-08-12 17:43:50.776193,,2022-08-12 17:43:40.916438,2023-07-25 19:07:05.342786,1662663600,1662670800
16,165,1,2022-11-14 20:00:00,2022-11-14 22:00:00,1,,,30,120,2022-08-12 17:47:10.167340,,2022-08-12 17:46:05.663248,2023-07-25 19:07:05.375735,1668456000,1668463200
17,19,4,2022-09-09 17:00:00,2022-09-09 19:00:00,1,Zoom Link,https://duke.zoom.us/j/99208185275,30,120,2022-08-12 17:48:03.083962,,2022-08-12 17:47:25.900484,2023-07-25 19:07:05.414814,1662742800,1662750000
18,33,1,2022-11-09 20:00:00,2022-11-09 22:00:00,1,,,30,120,2022-08-12 17:53:09.473843,,2022-08-12 17:48:38.753495,2023-07-25 19:07:05.446612,1668024000,1668031200
19,135,1,2022-09-12 17:00:00,2022-09-12 19:00:00,1,,,20,120,2022-08-12 17:49:25.881429,,2022-08-12 17:49:14.643815,2023-07-25 19:07:05.477526,1663002000,1663009200
20,2,1,2022-09-12 19:00:00,2022-09-12 21:00:00,1,,,20,120,2022-08-12 17:50:31.437251,,2022-08-12 17:50:22.142573,2023-07-25 19:07:05.511765,1663009200,1663016400
21,153,1,2022-09-20 19:00:00,2022-09-20 21:00:00,1,,,20,120,2022-08-12 17:52:35.644856,,2022-08-12 17:52:14.473235,2023-07-25 19:07:05.547954,1663700400,1663707600
22,7,4,2022-09-14 17:00:00,2022-09-14 19:00:00,1,Zoom Link,https://duke.zoom.us/j/95337945038?pwd=MGtHRnZiOTVnT3FVdk5VdUY5a0x2dz09,30,120,2022-08-12 17:54:07.752088,,2022-08-12 17:53:53.092976,2023-07-25 19:07:05.581811,1663174800,1663182000
23,8,3,2022-09-15 19:00:00,2022-09-15 21:00:00,1,,,14,120,2022-08-12 17:58:19.361392,,2022-08-12 17:58:07.125086,2023-07-25 19:07:05.614460,1663268400,1663275600
24,122,1,2022-09-13 17:00:00,2022-09-13 19:00:00,1,,,20,120,2022-08-12 18:00:05.600798,,2022-08-12 17:59:59.923740,2023-07-25 19:07:05.644978,1663088400,1663095600
25,124,4,2022-09-19 17:00:00,2022-09-19 19:00:00,1,Zoom Link,https://duke.zoom.us/j/98604547983?pwd=TVE2VEdObUN6T25WbUFvNzUvOVRMUT09,30,120,2022-08-12 18:03:25.636508,,2022-08-12 18:01:24.069005,2023-07-25 19:07:05.676687,1663606800,1663614000
26,113,1,2022-09-19 19:00:00,2022-09-19 21:00:00,1,,,20,120,2022-08-12 18:04:32.628895,,2022-08-12 18:04:22.965257,2023-07-25 19:07:05.707695,1663614000,1663621200
27,4,4,2022-09-21 17:00:00,2022-09-21 19:00:00,1,Zoom Link,https://duke.zoom.us/j/94070908719?pwd=aGNXQ095M2FsR3E3NUJBVStUNjVDZz09,30,120,2022-08-12 18:06:39.037117,,2022-08-12 18:06:33.839802,2023-07-25 19:07:05.743299,1663779600,1663786800
28,127,1,2022-09-21 18:00:00,2022-09-21 20:00:00,1,,,20,120,2022-08-12 18:09:06.226703,,2022-08-12 18:08:55.239376,2023-07-25 19:07:05.773057,1663783200,1663790400
29,135,4,2022-09-22 19:00:00,2022-09-22 21:00:00,1,Zoom Link,https://duke.zoom.us/j/91253535325?pwd=QW5yOUFwRnpKSDdJc2hsNHh1bXhpZz09,30,120,2022-08-12 18:10:32.102534,,2022-08-12 18:10:20.486609,2023-07-25 19:07:05.816138,1663873200,1663880400
30,137,3,2022-09-07 16:00:00,2022-09-07 18:00:00,1,,,14,120,2022-08-12 18:17:09.954881,,2022-08-12 18:17:00.382182,2023-07-25 19:07:05.848547,1662566400,1662573600
31,137,3,2022-09-23 16:00:00,2022-09-23 18:00:00,1,,,14,120,2022-08-12 18:18:30.182476,2022-09-23 13:22:08.298113,2022-08-12 18:18:17.806962,2023-07-25 19:07:05.877166,1663948800,1663956000
32,145,1,2022-10-03 17:00:00,2022-10-03 19:00:00,1,,,20,120,2022-08-12 18:23:08.745712,,2022-08-12 18:22:56.885779,2023-07-25 19:07:05.908019,1664816400,1664823600
33,115,1,2022-09-26 19:00:00,2022-09-26 21:00:00,1,,,20,120,2022-08-12 18:25:23.819753,,2022-08-12 18:25:03.837809,2023-07-25 19:07:05.936566,1664218800,1664226000
34,41,1,2022-09-27 19:00:00,2022-09-27 21:00:00,1,,,20,120,2022-08-12 18:27:00.110681,,2022-08-12 18:26:48.861782,2023-07-25 19:07:05.964651,1664305200,1664312400
35,147,4,2022-09-28 17:00:00,2022-09-28 19:00:00,1,Zoom Link,https://duke.zoom.us/j/91892172299?pwd=QjNHcE9kV3pYWFlId0lJOENQalF6UT09,30,120,2022-08-12 18:28:00.421870,,2022-08-12 18:27:49.385157,2023-07-25 19:07:05.992872,1664384400,1664391600
37,74,1,2022-09-29 17:00:00,2022-09-29 19:00:00,1,,,20,120,2022-08-12 18:33:17.010545,,2022-08-12 18:33:06.985115,2023-07-25 19:07:06.026406,1664470800,1664478000
38,20,3,2022-09-29 17:00:00,2022-09-29 19:00:00,1,,,14,120,2022-08-12 18:34:11.458812,,2022-08-12 18:34:00.745019,2023-07-25 19:07:06.092689,1664470800,1664478000
39,14,1,2022-10-24 17:00:00,2022-10-24 19:00:00,1,,,20,120,2022-08-12 18:35:44.701883,,2022-08-12 18:35:31.031248,2023-07-25 19:07:06.125736,1666630800,1666638000
40,93,1,2022-10-03 19:00:00,2022-10-03 21:00:00,1,,,20,120,2022-08-12 18:38:21.883876,,2022-08-12 18:38:09.223826,2023-07-25 19:07:06.164771,1664823600,1664830800
41,137,3,2022-10-04 16:00:00,2022-10-04 18:00:00,1,,,14,120,2022-08-12 18:39:48.980284,,2022-08-12 18:39:37.925501,2023-07-25 19:07:06.200041,1664899200,1664906400
42,122,4,2022-10-04 19:00:00,2022-10-04 21:00:00,1,Zoom Link,https://duke.zoom.us/j/92628710667?pwd=dnNpZTRGUXo4SFBDZno3VjR3QnlZUT09,30,120,2022-08-12 18:43:55.891056,,2022-08-12 18:43:43.580920,2023-07-25 19:07:06.234516,1664910000,1664917200
43,21,4,2022-10-05 17:00:00,2022-10-05 19:00:00,1,Zoom Link,https://duke.zoom.us/j/97048247170?pwd=bWMzL3lnVklEVnhtQ0NPZWF4TUJXUT09,30,120,2022-08-12 18:46:37.798988,,2022-08-12 18:46:25.872405,2023-07-25 19:07:06.266220,1664989200,1664996400
44,123,1,2022-11-10 18:00:00,2022-11-10 20:00:00,1,,,10,120,2022-08-12 19:21:17.414635,,2022-08-12 19:21:03.956687,2023-07-25 19:07:06.306023,1668103200,1668110400
46,20,1,2022-11-11 18:00:00,2022-11-11 20:00:00,1,,,14,120,2022-08-12 19:27:23.298460,2022-11-03 16:14:41.726230,2022-08-12 19:27:02.588340,2023-07-25 19:07:06.344628,1668189600,1668196800
47,116,1,2022-11-03 17:00:00,2022-11-03 19:00:00,1,,,20,120,2022-08-12 19:40:28.581682,2022-11-01 20:39:24.928815,2022-08-12 19:33:57.877729,2023-07-25 19:07:06.381750,1667494800,1667502000
48,8,3,2022-10-20 17:00:00,2022-10-20 19:00:00,1,,,14,120,2022-08-12 19:35:34.239881,,2022-08-12 19:35:23.473405,2023-07-25 19:07:06.423572,1666285200,1666292400
49,133,1,2022-10-13 17:00:00,2022-10-13 19:00:00,1,,,20,120,2022-08-12 19:36:54.267031,2022-10-13 17:17:51.005268,2022-08-12 19:36:43.938701,2023-07-25 19:07:06.458805,1665680400,1665687600
50,30,1,2022-10-14 17:00:00,2022-10-14 19:00:00,1,,,20,120,2022-08-12 19:38:00.544503,,2022-08-12 19:37:51.940534,2023-07-25 19:07:06.493160,1665766800,1665774000
51,20,3,2022-10-14 19:00:00,2022-10-14 21:00:00,1,,,14,120,2022-08-12 19:39:11.022339,,2022-08-12 19:39:00.046006,2023-07-25 19:07:06.522876,1665774000,1665781200
52,114,1,2022-10-17 19:00:00,2022-10-17 21:00:00,1,Zoom Link,https://duke.zoom.us/j/96341545279?pwd=UFVVNkcza0UzTU91Y2x1WHZqNlhpQT09,20,120,2022-08-12 19:42:34.361958,,2022-08-12 19:42:23.030918,2023-07-25 19:07:06.556349,1666033200,1666040400
53,146,1,2022-11-02 19:00:00,2022-11-02 21:00:00,1,,,30,120,2022-08-12 19:43:32.132648,,2022-08-12 19:42:40.588504,2023-07-25 19:07:06.587580,1667415600,1667422800
54,94,1,2022-10-12 18:00:00,2022-10-12 20:00:00,1,,,6,120,2022-08-12 19:45:50.139588,,2022-08-12 19:45:40.552369,2023-07-25 19:07:06.630587,1665597600,1665604800
55,138,4,2022-10-18 17:00:00,2022-10-18 19:00:00,1,Zoom Link,https://duke.zoom.us/j/99970778524?pwd=QWJmZ3ZwQ0tmS0pZYWo4T1hvMlgrQT09,30,120,2022-08-12 19:48:04.028013,,2022-08-12 19:47:52.168869,2023-07-25 19:07:06.665842,1666112400,1666119600
56,162,5,2022-10-18 19:00:00,2022-10-18 21:00:00,1,,,6,120,2022-08-12 19:54:49.673096,,2022-08-12 19:51:42.527259,2023-07-25 19:07:06.701492,1666119600,1666126800
57,26,1,2022-10-20 17:00:00,2022-10-20 19:00:00,1,,,20,120,2022-08-12 19:56:40.975517,,2022-08-12 19:56:29.499558,2023-07-25 19:07:06.737399,1666285200,1666292400
58,20,3,2022-10-24 19:00:00,2022-10-24 21:00:00,1,,,14,120,2022-08-12 19:57:51.710050,,2022-08-12 19:57:41.400522,2023-07-25 19:07:06.780416,1666638000,1666645200
59,128,3,2022-10-25 17:00:00,2022-10-25 21:00:00,1,,,24,240,2022-08-12 20:00:38.554166,,2022-08-12 19:58:58.556444,2023-07-25 19:07:06.819928,1666717200,1666731600
60,148,4,2022-10-26 17:00:00,2022-10-26 19:00:00,1,Zoom Link,https://duke.zoom.us/j/97598357727?pwd=SFE1NG52OStYR0ZtVHRORWhWeXdNZz09,30,120,2022-08-12 20:01:46.777736,,2022-08-12 20:01:31.611352,2023-07-25 19:07:06.850101,1666803600,1666810800
61,92,1,2022-10-27 17:00:00,2022-10-27 19:00:00,1,,,20,120,2022-08-12 20:02:57.303554,,2022-08-12 20:02:46.955692,2023-07-25 19:07:06.890446,1666890000,1666897200
62,9,3,2022-10-28 17:00:00,2022-10-28 19:00:00,1,,,14,120,2022-08-12 20:04:14.038936,,2022-08-12 20:04:02.400454,2023-07-25 19:07:06.931744,1666976400,1666983600
63,50,1,2022-11-21 20:00:00,2022-11-21 22:00:00,1,,,20,120,2022-08-12 20:05:26.458514,,2022-08-12 20:05:14.676337,2023-07-25 19:07:06.969434,1669060800,1669068000
64,89,5,2022-11-01 17:00:00,2022-11-01 19:00:00,1,,,6,120,2022-08-12 20:06:59.503658,,2022-08-12 20:06:46.331056,2023-07-25 19:07:07.012661,1667322000,1667329200
65,156,1,2022-11-01 17:00:00,2022-11-01 19:00:00,1,,,20,120,2022-08-12 20:08:10.104726,,2022-08-12 20:08:01.050429,2023-07-25 19:07:07.083492,1667322000,1667329200
66,166,2,2022-09-02 17:00:00,2022-09-02 21:00:00,1,,,200,30,2022-08-15 13:17:45.287651,,2022-08-15 13:14:09.453639,2023-07-25 19:07:07.125510,1662138000,1662152400
67,56,1,2022-09-08 17:00:00,2022-09-08 19:00:00,1,,,20,120,2022-08-18 01:52:20.364590,,2022-08-15 19:14:17.120288,2023-07-25 19:07:07.171050,1662656400,1662663600
70,144,1,2022-08-30 13:00:00,2022-08-16 14:00:00,1,,,1,60,,,2022-08-16 12:52:14.967875,2023-07-25 19:07:07.213352,1661864400,1660658400
71,1,2,2022-08-16 14:00:00,2022-08-16 14:45:00,1,,,20,45,2022-08-16 13:41:32.362843,,2022-08-16 13:39:07.002128,2023-07-25 19:07:07.251342,1660658400,1660661100
72,1,1,2022-08-17 16:00:00,2022-08-17 16:05:00,1,,,30,30,2022-08-16 14:06:21.541682,,2022-08-16 14:06:03.502880,2023-07-25 19:07:07.294452,1660752000,1660752300
73,171,1,2022-09-23 19:00:00,2022-09-23 21:00:00,1,,,20,120,2022-08-17 14:44:36.332905,,2022-08-17 14:43:41.320832,2023-07-25 19:07:07.358361,1663959600,1663966800
75,142,4,2022-09-06 17:00:00,2022-09-06 19:00:00,1,Zoom Link,https://duke.zoom.us/j/94585808799?pwd=Y2E1ZVJmdjRjRHVXOWxpN0RxNjg0dz09,30,120,2022-08-17 19:55:43.622122,,2022-08-17 19:55:11.826717,2023-07-25 19:07:07.392617,1662483600,1662490800
76,71,4,2022-09-23 17:00:00,2022-09-23 19:00:00,1,Zoom Link,https://duke.zoom.us/j/92412324585?pwd=aWRkbWxRZEZ4aHFEM0UvVzF5WmZoUT09,30,120,2022-08-18 00:19:21.501660,,2022-08-18 00:19:02.084537,2023-07-25 19:07:07.433118,1663952400,1663959600
77,178,1,2022-11-28 20:00:00,2022-11-28 22:00:00,1,,,10,120,2022-08-18 00:41:02.339833,,2022-08-18 00:40:44.894221,2023-07-25 19:07:07.469481,1669665600,1669672800
78,181,1,2022-11-17 18:00:00,2022-11-17 20:00:00,1,,,10,120,2022-08-18 00:44:53.021856,,2022-08-18 00:44:37.801951,2023-07-25 19:07:07.503657,1668708000,1668715200
79,175,3,2022-11-08 17:00:00,2022-11-08 19:00:00,1,,,8,120,2022-08-18 00:56:04.062317,,2022-08-18 00:54:25.611678,2023-07-25 19:07:07.536248,1667926800,1667934000
80,172,1,2022-10-06 19:00:00,2022-10-06 21:00:00,1,,,12,480,2022-08-18 01:12:30.695955,,2022-08-18 01:09:57.372982,2023-07-25 19:07:07.573350,1665082800,1665090000
81,174,3,2022-10-18 16:00:00,2022-10-18 18:00:00,1,,,8,120,2022-08-18 01:29:46.737111,,2022-08-18 01:29:32.646972,2023-07-25 19:07:07.610456,1666108800,1666116000
82,174,3,2022-10-31 16:00:00,2022-10-31 18:00:00,1,,,8,120,2022-08-18 01:30:56.124211,,2022-08-18 01:30:42.187237,2023-07-25 19:07:07.639373,1667232000,1667239200
83,183,1,2022-10-19 17:00:00,2022-10-19 19:00:00,1,,,20,120,2022-08-18 01:33:26.671060,2022-10-19 14:24:58.621573,2022-08-18 01:33:14.994875,2023-07-25 19:07:07.664818,1666198800,1666206000
84,177,3,2022-11-21 18:00:00,2022-11-21 20:00:00,1,,,8,120,2022-08-18 01:35:38.324935,,2022-08-18 01:35:15.356213,2023-07-25 19:07:07.691959,1669053600,1669060800
85,184,1,2022-11-08 20:00:00,2022-11-08 22:00:00,1,,,20,120,2022-08-18 01:41:01.617379,,2022-08-18 01:40:45.619487,2023-07-25 19:07:07.716530,1667937600,1667944800
86,173,1,2022-11-02 17:00:00,2022-11-02 19:00:00,1,,,20,120,2022-08-18 01:57:12.930475,,2022-08-18 01:56:37.760867,2023-07-25 19:07:07.745322,1667408400,1667415600
87,122,1,2022-11-07 20:00:00,2022-11-07 22:00:00,1,,,20,120,2022-08-18 02:07:31.841552,,2022-08-18 02:06:47.861065,2023-07-25 19:07:07.772360,1667851200,1667858400
88,169,1,2022-09-27 17:00:00,2022-09-27 19:00:00,1,,,20,120,2022-08-18 02:09:57.846398,,2022-08-18 02:09:17.247005,2023-07-25 19:07:07.802074,1664298000,1664305200
89,102,1,2022-09-13 19:00:00,2022-09-13 21:00:00,1,,,20,120,2022-08-18 02:21:03.961894,,2022-08-18 02:19:41.854996,2023-07-25 19:07:07.828390,1663095600,1663102800
90,170,1,2022-10-17 17:00:00,2022-10-17 19:00:00,1,,,20,120,2022-08-18 02:23:23.505768,2022-10-17 17:10:39.480564,2022-08-18 02:23:09.164881,2023-07-25 19:07:07.854066,1666026000,1666033200
91,130,1,2022-10-28 19:00:00,2022-10-28 21:00:00,1,,,20,120,2022-08-18 02:25:18.736227,,2022-08-18 02:25:02.232908,2023-07-25 19:07:07.882708,1666983600,1666990800
92,168,1,2022-09-14 19:00:00,2022-09-14 21:00:00,1,,,20,120,2022-08-18 02:34:23.010228,,2022-08-18 02:34:09.053202,2023-07-25 19:07:07.910206,1663182000,1663189200
93,182,1,2022-10-12 17:00:00,2022-10-12 18:00:00,1,,,20,60,2022-08-18 02:36:11.796451,2022-10-12 13:19:53.059815,2022-08-18 02:35:58.801315,2023-07-25 19:07:07.935965,1665594000,1665597600
94,176,1,2022-09-13 21:00:00,2022-09-13 23:00:00,1,,,10,120,2022-08-18 02:38:24.660977,,2022-08-18 02:38:00.816321,2023-07-25 19:07:07.962026,1663102800,1663110000
95,176,1,2022-10-13 21:00:00,2022-10-13 23:00:00,1,,,10,120,2022-08-18 02:39:17.390576,,2022-08-18 02:39:11.816459,2023-07-25 19:07:07.989266,1665694800,1665702000
96,176,1,2022-11-08 22:00:00,2022-11-09 00:00:00,1,,,10,120,2022-08-18 02:40:33.468309,,2022-08-18 02:40:28.434887,2023-07-25 19:07:08.016736,1667944800,1667952000
98,142,6,,,0,Enroll in this course to view this lesson.,https://edstem.org/us/join/bdpBm3?redirect=/us/courses/7749/lessons/22008/slides/130517,,120,2022-08-22 22:22:47.989823,,2022-08-22 22:21:06.253570,2023-07-25 19:07:08.043430,0,0
99,143,6,,,0,Access the EdStem lesson here,https://edstem.org/us/join/bdpBm3?redirect=/us/courses/7749/lessons/24702/slides/140848,,120,2022-08-22 22:33:23.954918,,2022-08-22 22:32:46.909874,2023-07-25 19:07:08.103221,0,0
100,135,6,,,0,Access the EdStem lesson here,https://edstem.org/us/join/bdpBm3?redirect=/us/courses/7749/lessons/33720/slides/193415,,120,2022-08-22 22:35:39.713346,,2022-08-22 22:35:28.006616,2023-07-25 19:07:08.131252,0,0
101,144,4,2022-09-06 17:00:00,2022-09-06 19:00:00,1,Zoom Link,https://duke.zoom.us/j/97903586594,40,120,2022-08-29 17:19:20.136631,,2022-08-29 17:18:53.813197,2023-07-25 19:07:08.158354,1662483600,1662490800
102,185,1,2022-10-07 17:00:00,2022-10-07 20:00:00,1,,,300,120,2022-09-12 18:26:33.376158,,2022-09-12 15:43:04.210428,2023-07-25 19:07:08.188178,1665162000,1665172800
103,144,4,2022-10-04 17:00:00,2022-10-04 18:30:00,1,Zoom Link,https://duke.zoom.us/j/98651423559,40,90,2022-09-30 15:25:55.790308,,2022-09-30 15:25:39.850023,2023-07-25 19:07:08.216067,1664902800,1664908200
104,144,4,2022-11-01 17:00:00,2022-11-01 18:30:00,1,Zoom Link,https://duke.zoom.us/j/96627934303,40,90,2022-09-30 15:28:02.926743,,2022-09-30 15:27:48.103508,2023-07-25 19:07:08.245614,1667322000,1667327400
105,144,4,2022-12-06 18:00:00,2022-12-06 19:30:00,1,Zoom Link,https://duke.zoom.us/j/94713922121,40,90,2022-09-30 15:29:34.398469,,2022-09-30 15:29:28.572355,2023-07-25 19:07:08.275081,1670349600,1670355000
106,20,3,2022-11-11 18:00:00,2022-11-11 20:00:00,1,,,14,120,2022-11-03 15:45:19.489744,,2022-11-03 15:41:04.095396,2023-07-25 19:07:08.302459,1668189600,1668196800
107,187,3,2023-04-05 19:00:00,2023-04-05 21:00:00,1,,,4,120,2022-12-08 21:13:56.730279,,2022-12-06 18:33:19.754728,2023-07-25 19:07:08.330025,1680721200,1680728400
108,172,3,2023-03-22 19:00:00,2023-03-22 21:00:00,1,,,6,480,2022-12-08 21:10:19.508676,,2022-12-08 19:05:52.563777,2023-07-25 19:07:08.355801,1679511600,1679518800
109,181,1,2023-04-13 17:00:00,2023-04-13 19:00:00,1,,,6,120,2022-12-08 21:17:55.758165,,2022-12-08 20:33:05.030318,2023-07-25 19:07:08.380067,1681405200,1681412400
110,175,3,2023-04-10 16:00:00,2023-04-10 18:00:00,1,,,8,120,2022-12-08 21:16:21.731486,,2022-12-08 20:49:12.421372,2023-07-25 19:07:08.405284,1681142400,1681149600
111,153,1,2023-02-16 20:00:00,2023-02-16 22:00:00,1,,,20,120,2022-12-08 21:15:37.486605,,2022-12-08 20:51:32.470834,2023-07-25 19:07:08.429992,1676577600,1676584800
112,89,5,2023-03-08 20:00:00,2023-03-08 22:00:00,1,,,6,120,2023-01-03 16:56:08.607513,,2022-12-08 20:57:16.702146,2023-07-25 19:07:08.457596,1678305600,1678312800
113,115,1,2023-02-01 18:00:00,2023-02-01 20:00:00,1,,,20,120,2022-12-08 21:09:20.856870,,2022-12-08 21:00:54.528249,2023-07-25 19:07:08.482635,1675274400,1675281600
114,113,1,2023-01-25 18:00:00,2023-01-25 20:00:00,1,,,20,120,2022-12-08 21:08:11.693717,,2022-12-08 21:03:55.945285,2023-07-25 19:07:08.509332,1674669600,1674676800
115,2,1,2023-01-18 18:00:00,2023-01-18 20:00:00,1,,,20,120,2022-12-08 21:07:29.162726,,2022-12-08 21:05:41.191267,2023-07-25 19:07:08.533968,1674064800,1674072000
116,188,3,2023-04-12 19:00:00,2023-04-12 21:00:00,1,,,10,480,2022-12-08 21:13:11.132026,,2022-12-08 21:12:41.735174,2023-07-25 19:07:08.561052,1681326000,1681333200
117,93,1,2023-02-08 18:00:00,2023-02-08 20:00:00,1,,,20,120,2023-01-03 16:21:45.805976,,2022-12-08 21:20:09.747445,2023-07-25 19:07:08.585984,1675879200,1675886400
118,7,4,2023-01-31 15:00:00,2023-01-31 17:00:00,1,Zoom link,https://duke.zoom.us/j/92048619529?pwd=ZDlleDJqTHhMOXIwcjZqVnhmR1d4UT09,30,120,2022-12-08 21:28:48.763008,,2022-12-08 21:28:20.861507,2023-07-25 19:07:08.612080,1675177200,1675184400
119,142,1,2023-01-17 16:00:00,2023-01-17 18:00:00,1,,,20,120,2022-12-14 16:01:53.689120,2023-01-17 13:19:52.866798,2022-12-14 16:01:06.193270,2023-07-25 19:07:08.637360,1673971200,1673978400
120,124,1,2023-01-18 20:00:00,2023-01-18 22:00:00,1,,,20,120,2022-12-14 16:04:27.949813,,2022-12-14 16:04:10.942254,2023-07-25 19:07:08.665406,1674072000,1674079200
121,19,1,2023-01-19 18:00:00,2023-01-19 20:00:00,1,,,20,120,2022-12-14 16:09:03.651840,2023-01-15 19:52:41.312330,2022-12-14 16:08:36.581444,2023-07-25 19:07:08.693815,1674151200,1674158400
122,137,3,2023-01-20 17:00:00,2023-01-20 19:00:00,1,,,14,120,2022-12-14 16:13:41.479545,,2022-12-14 16:13:24.899746,2023-07-25 19:07:08.718970,1674234000,1674241200
123,156,1,2023-01-20 20:00:00,2023-01-20 22:00:00,1,,,20,120,2022-12-14 16:23:23.214144,,2022-12-14 16:23:03.908185,2023-07-25 19:07:08.742384,1674244800,1674252000
124,8,3,2023-01-26 18:00:00,2023-01-26 20:00:00,1,,,14,120,2022-12-14 16:47:00.831033,,2022-12-14 16:28:42.450918,2023-07-25 19:07:08.771018,1674756000,1674763200
125,145,1,2023-01-26 20:00:00,2023-01-26 22:00:00,1,,,30,120,2022-12-14 16:39:00.969556,,2022-12-14 16:38:40.053805,2023-07-25 19:07:08.796850,1674763200,1674770400
126,20,3,2023-01-30 15:00:00,2023-01-30 17:00:00,1,,,16,120,2022-12-14 19:47:50.500977,,2022-12-14 19:47:18.210918,2023-07-25 19:07:08.827353,1675090800,1675098000
127,74,1,2023-01-30 18:00:00,2023-01-30 20:00:00,1,,,30,120,2022-12-14 19:49:56.338972,,2022-12-14 19:49:41.056601,2023-07-25 19:07:08.857047,1675101600,1675108800
128,177,3,2023-01-31 18:00:00,2023-01-31 20:00:00,1,,,10,120,2022-12-14 20:02:36.617903,,2022-12-14 20:01:59.374379,2023-07-25 19:07:08.884402,1675188000,1675195200
129,135,1,2023-01-23 20:00:00,2023-01-23 22:00:00,1,,,30,120,2022-12-14 20:32:00.678738,,2022-12-14 20:31:38.992121,2023-07-25 19:07:08.908913,1674504000,1674511200
130,135,1,2023-01-31 18:00:00,2023-01-31 20:00:00,1,,,30,120,2022-12-14 20:34:43.096071,,2022-12-14 20:34:22.292959,2023-07-25 19:07:08.935177,1675188000,1675195200
131,106,1,2023-02-13 20:00:00,2023-02-13 22:00:00,1,,,20,120,2022-12-14 20:46:01.815913,2023-02-13 15:16:23.591900,2022-12-14 20:45:36.245122,2023-09-12 14:27:02.255573,1676318400,1676325600
132,1,1,2023-03-31 17:00:00,2023-03-31 19:00:00,1,,,16,120,2022-12-14 21:00:59.625674,,2022-12-14 20:59:51.843370,2023-07-25 19:07:08.991967,1680282000,1680289200
133,174,3,2023-03-09 17:00:00,2023-03-09 19:00:00,1,,,8,120,2022-12-14 21:17:53.743815,2023-01-10 17:02:01.039507,2022-12-14 21:17:36.412310,2023-07-25 19:07:09.017995,1678381200,1678388400
134,174,3,2023-03-21 16:00:00,2023-03-21 18:00:00,1,,,8,120,2022-12-14 21:20:06.661961,2023-03-21 11:47:16.995874,2022-12-14 21:19:40.463876,2023-07-25 19:07:09.044260,1679414400,1679421600
135,130,1,2023-02-14 18:00:00,2023-02-14 20:00:00,1,,,10,120,2022-12-14 21:26:09.908253,,2022-12-14 21:25:49.198203,2023-07-25 19:07:09.101528,1676397600,1676404800
136,183,1,2023-03-08 15:00:00,2023-03-08 05:00:00,1,,,20,120,2022-12-14 21:29:58.726224,,2022-12-14 21:29:38.094193,2023-07-25 19:07:09.128197,1678287600,1678251600
137,144,4,2023-02-07 18:00:00,2023-02-07 20:00:00,1,Zoom link,https://duke.zoom.us/j/99848116508?pwd=S2xZZXNRTHNPeVZQZDFaeVloM2Z2UT09,30,120,2022-12-28 13:47:36.627670,,2022-12-28 13:46:50.603055,2023-07-25 19:07:09.156143,1675792800,1675800000
138,144,4,2023-03-07 18:00:00,2023-03-07 20:00:00,1,Zoom link,https://duke.zoom.us/j/99144996112?pwd=ZjdZMUwvdndpOS80NVdjMVYwQ3pKdz09,40,120,2022-12-28 13:50:12.318488,,2022-12-28 13:48:56.263416,2023-07-25 19:07:09.187702,1678212000,1678219200
139,144,4,2023-04-04 17:00:00,2023-04-04 19:00:00,1,Zoom link,https://duke.zoom.us/j/94961160553?pwd=dFhCYVBxZkh5bW5wbGFaeC9vRmdqQT09,40,120,2022-12-28 13:52:47.533798,,2022-12-28 13:52:26.998506,2023-07-25 19:07:09.218941,1680627600,1680634800
140,137,3,2023-02-02 17:00:00,2023-02-02 19:00:00,1,"","",14,120,2022-12-28 13:57:01.807541,,2022-12-28 13:56:15.243453,2023-07-25 19:07:09.251881,1675357200,1675364400
141,137,3,2023-02-13 17:00:00,2023-02-13 19:00:00,1,"","",14,120,2022-12-28 13:58:49.959837,2023-02-13 16:46:40.759685,2022-12-28 13:58:09.686709,2023-07-25 19:07:09.281483,1676307600,1676314800
142,137,3,2023-02-28 17:00:00,2023-02-28 19:00:00,1,"","",14,120,2022-12-28 14:00:59.727738,,2022-12-28 14:00:08.572219,2023-07-25 19:07:09.307488,1677603600,1677610800
143,133,1,2023-02-06 18:00:00,2023-02-06 20:00:00,1,"","",20,120,2022-12-28 14:06:45.038474,,2022-12-28 14:06:18.586542,2023-07-25 19:07:09.334685,1675706400,1675713600
144,164,1,2023-02-06 20:00:00,2023-02-06 22:00:00,1,"","",20,120,2022-12-28 14:11:20.171299,2023-02-06 00:26:14.716758,2022-12-28 14:10:41.753565,2023-07-25 19:07:09.361111,1675713600,1675720800
145,171,1,2023-02-07 18:00:00,2023-02-07 22:00:00,1,"","",10,240,2022-12-28 14:15:12.011621,,2022-12-28 14:14:38.200853,2023-07-25 19:07:09.386192,1675792800,1675807200
146,4,4,2023-02-08 18:00:00,2023-02-08 20:00:00,1,Zoom link,https://duke.zoom.us/j/97489703286?pwd=aGFoRG9LYXFmUnVGZDdlUHZwYzRBUT09,30,120,2022-12-28 15:03:39.774647,,2022-12-28 15:02:51.493106,2023-07-25 19:07:09.410373,1675879200,1675886400
147,71,4,2023-02-09 18:00:00,2023-02-09 20:00:00,1,Zoom link,https://duke.zoom.us/j/99966504914?pwd=TmIxb2dPSHN4UzQ4NWpTTmU5M2Mydz09,30,120,2022-12-28 15:10:50.593986,,2022-12-28 15:09:13.197032,2023-07-25 19:07:09.437445,1675965600,1675972800
148,102,1,2023-02-09 20:00:00,2023-02-09 22:00:00,1,"","",20,120,2022-12-28 15:13:49.680907,,2022-12-28 15:13:26.015765,2023-07-25 19:07:09.463184,1675972800,1675980000
149,56,1,2023-02-10 18:00:00,2023-02-10 20:00:00,1,"","",20,120,2022-12-28 15:15:34.921653,,2022-12-28 15:15:18.116596,2023-07-25 19:07:09.488396,1676052000,1676059200
150,30,1,2023-02-14 20:00:00,2023-02-14 22:00:00,1,"","",20,120,2022-12-28 15:17:59.229707,,2022-12-28 15:17:43.833327,2023-07-25 19:07:09.514491,1676404800,1676412000
151,147,4,2023-02-15 18:00:00,2023-02-15 20:00:00,1,Zoom link,https://duke.zoom.us/j/96677157639?pwd=QTdvUWtjQmR0S3hSTktRYmxUSlNMQT09,30,120,2022-12-28 15:20:48.573844,,2022-12-28 15:20:05.862046,2023-07-25 19:07:09.540598,1676484000,1676491200
152,20,3,2023-02-15 20:00:00,2023-02-15 22:00:00,1,"","",16,120,2022-12-28 15:23:20.539670,,2022-12-28 15:22:46.059209,2023-07-25 19:07:09.566924,1676491200,1676498400
153,20,3,2023-03-23 14:00:00,2023-03-23 16:00:00,1,"","",16,120,2022-12-28 15:25:56.299900,,2022-12-28 15:24:31.224314,2023-07-25 19:07:09.593388,1679580000,1679587200
154,20,3,2023-04-04 17:00:00,2023-04-04 19:00:00,1,"","",16,120,2022-12-28 15:27:03.805409,,2022-12-28 15:26:48.249386,2023-07-25 19:07:09.622350,1680627600,1680634800
155,123,1,2023-04-06 17:00:00,2023-04-06 19:00:00,1,"","",10,120,2022-12-28 15:30:22.234748,,2022-12-28 15:29:45.469184,2023-07-25 19:07:09.663529,1680800400,1680807600
156,9,3,2023-04-06 20:00:00,2023-04-06 22:00:00,1,"","",14,120,2022-12-28 15:32:21.953939,,2022-12-28 15:31:55.866542,2023-07-25 19:07:09.690344,1680811200,1680818400
157,9,3,2023-02-27 15:00:00,2023-02-27 17:00:00,1,"","",14,120,2022-12-28 15:34:59.539487,,2022-12-28 15:33:44.821338,2023-07-25 19:07:09.715682,1677510000,1677517200
158,165,1,2023-04-12 17:00:00,2023-04-12 19:00:00,1,"","",30,120,2022-12-28 15:38:03.818607,,2022-12-28 15:37:37.270800,2023-07-25 19:07:09.746249,1681318800,1681326000
159,65,1,2023-02-17 18:00:00,2023-02-17 20:00:00,1,"","",20,120,2022-12-28 15:41:12.341918,,2022-12-28 15:40:55.319905,2023-07-25 19:07:09.774706,1676656800,1676664000
160,124,1,2023-02-28 15:00:00,2023-02-28 17:00:00,1,"","",30,120,2022-12-28 15:43:53.816380,,2022-12-28 15:43:29.207395,2023-07-25 19:07:09.801248,1677596400,1677603600
161,169,1,2023-04-03 19:00:00,2023-04-03 21:00:00,1,"","",20,120,2022-12-28 15:48:05.709338,,2022-12-28 15:47:14.742451,2023-07-25 19:07:09.829624,1680548400,1680555600
162,146,1,2023-04-10 19:00:00,2023-04-10 21:00:00,1,"","",20,120,2022-12-28 15:50:01.694039,,2022-12-28 15:49:25.444493,2023-07-25 19:07:09.855499,1681153200,1681160400
163,33,1,2023-04-17 19:00:00,2023-04-17 21:00:00,1,"","",20,120,2022-12-28 15:51:40.372128,,2022-12-28 15:51:02.095927,2023-07-25 19:07:09.881219,1681758000,1681765200
164,170,1,2023-02-22 18:00:00,2023-02-22 20:00:00,1,"","",20,120,2022-12-28 15:55:02.256234,,2022-12-28 15:54:38.076634,2023-07-25 19:07:09.906965,1677088800,1677096000
165,162,5,2023-03-20 17:00:00,2023-03-20 19:00:00,1,"","",6,120,2022-12-28 15:58:55.402515,,2022-12-28 15:58:33.302866,2023-07-25 19:07:09.933756,1679331600,1679338800
166,163,4,2023-03-01 20:00:00,2023-03-01 22:00:00,1,Zoom link,https://duke.zoom.us/j/96399122595?pwd=cEhaczFmTHZtc1F2ZU5CQXhoUTl0QT09,30,120,2022-12-28 16:58:59.812862,2023-02-27 22:12:45.062208,2022-12-28 16:58:39.558547,2023-07-25 19:07:09.961079,1677700800,1677708000
167,173,1,2023-03-07 18:00:00,2023-03-07 20:00:00,1,"","",20,120,2022-12-28 17:00:47.431395,,2022-12-28 17:00:28.678512,2023-07-25 19:07:09.985527,1678212000,1678219200
168,29,1,2023-03-28 17:00:00,2023-03-28 19:00:00,1,"","",15,120,2022-12-28 17:02:08.450974,,2022-12-28 17:01:53.247483,2023-07-25 19:07:10.013317,1680022800,1680030000
169,21,4,2023-02-22 15:00:00,2023-02-22 17:00:00,1,Zoom link,https://duke.zoom.us/j/93742091841?pwd=VFZqb1JRSkt0czdaMHZERW4rT3RiZz09,30,120,2022-12-28 17:05:08.777078,,2022-12-28 17:04:48.296156,2023-07-25 19:07:10.038975,1677078000,1677085200
170,182,1,2023-03-01 15:00:00,2023-03-01 17:00:00,1,"","",20,120,2022-12-28 17:06:51.630429,,2022-12-28 17:06:32.533234,2023-07-25 19:07:10.095414,1677682800,1677690000
171,8,3,2023-04-03 17:00:00,2023-04-03 19:00:00,1,"","",14,120,2022-12-28 17:08:47.478561,,2022-12-28 17:08:28.244664,2023-07-25 19:07:10.123075,1680541200,1680548400
172,148,4,2023-03-21 14:00:00,2023-03-21 16:00:00,1,Zoom link,https://duke.zoom.us/j/95302946943?pwd=RFB5aytpSmlFemlBbGh6L2NUK1YrZz09,30,120,2022-12-28 17:10:46.278886,,2022-12-28 17:10:18.550332,2023-07-25 19:07:10.152831,1679407200,1679414400
173,138,4,2023-02-21 18:00:00,2023-02-21 20:00:00,1,Zoom link,https://duke.zoom.us/j/93931905413?pwd=bGl3NXdHWW9MQnRlZ3A2VmtoRG1Hdz09,30,120,2022-12-28 18:08:47.661641,,2022-12-28 18:08:19.535685,2023-07-25 19:07:10.215276,1677002400,1677009600
174,156,1,2023-03-01 18:00:00,2023-03-01 20:00:00,1,"","",20,120,2022-12-28 18:13:38.699906,,2022-12-28 18:13:17.793892,2023-07-25 19:07:10.240037,1677693600,1677700800
175,122,1,2023-03-29 17:00:00,2023-03-29 19:00:00,1,"","",20,120,2022-12-28 18:18:06.467815,,2022-12-28 18:17:41.511790,2023-07-25 19:07:10.264325,1680109200,1680116400
176,189,1,2023-01-25 20:00:00,2023-01-25 22:00:00,1,"","",20,120,2023-01-03 16:05:36.869154,2023-06-28 15:31:27.424547,2023-01-03 15:26:18.870780,2023-07-25 19:07:10.290279,1674676800,1674684000
177,45,1,2023-01-30 20:00:00,2023-01-30 22:00:00,1,"","",20,120,2023-01-03 16:48:19.875386,,2023-01-03 16:47:45.245023,2023-07-25 19:07:10.314091,1675108800,1675116000
178,101,1,2023-02-15 18:00:00,2023-02-15 20:00:00,1,"","",20,120,2023-01-03 16:53:58.952906,,2023-01-03 16:53:19.341031,2023-07-25 19:07:10.341333,1676484000,1676491200
179,122,1,2023-01-27 17:00:00,2023-01-27 19:00:00,1,"","",20,120,2023-01-03 18:47:57.734844,,2023-01-03 18:46:35.323974,2023-07-25 19:07:10.369925,1674838800,1674846000
181,127,1,2023-03-02 18:00:00,2023-03-02 20:00:00,1,"","",20,120,2023-01-03 19:50:10.943853,,2023-01-03 19:49:33.885175,2023-07-25 19:07:10.441604,1677780000,1677787200
182,190,5,2023-02-23 20:00:00,2023-02-23 22:00:00,1,"","",6,120,2023-01-04 15:35:47.452503,,2023-01-04 15:35:30.561663,2023-07-25 19:07:10.469515,1677182400,1677189600
183,191,3,2023-04-14 17:00:00,2023-04-14 19:00:00,1,"","",20,120,2023-01-04 16:08:51.053344,2023-04-14 12:04:59.069918,2023-01-04 16:08:31.398070,2023-07-25 19:07:10.493659,1681491600,1681498800
184,88,1,2023-04-04 16:00:00,2023-04-04 18:00:00,1,"","",6,120,2023-01-04 16:44:13.368382,,2023-01-04 16:13:49.999950,2023-07-25 19:07:10.517449,1680624000,1680631200
185,192,1,2023-02-20 15:00:00,2023-02-20 17:00:00,1,"","",5,120,2023-01-05 16:38:48.205665,,2023-01-05 16:38:02.243464,2023-07-25 19:07:10.545516,1676905200,1676912400
186,193,1,2023-04-19 16:00:00,2023-04-19 17:30:00,1,"","",20,90,2023-01-11 15:52:43.144898,,2023-01-11 15:52:20.760555,2023-07-25 19:07:10.572431,1681920000,1681925400
187,185,,,,0,Enroll in this course to view this lesson.,https://edstem.org/us/join/bdpBm3?redirect=/us/courses/7749/lessons/45799/slides/262216,,45,2023-01-12 15:01:27.895334,,2023-01-12 14:54:36.849138,2023-07-25 19:07:10.595927,0,0
188,170,,,,0,Enroll in this course to view this lesson.,https://edstem.org/us/join/bdpBm3?redirect=/us/courses/7749/lessons/45077/slides/258250,,120,2023-01-12 15:04:50.562132,,2023-01-12 15:04:36.251025,2023-07-25 19:07:10.622015,0,0
189,19,1,2023-01-26 18:00:00,2023-01-26 20:00:00,1,"","",20,120,2023-01-15 19:54:46.687946,2023-01-24 19:38:50.815083,2023-01-15 19:53:41.328483,2023-07-25 19:07:10.648983,1674756000,1674763200
190,166,,,,0,Enroll in this course to view this lesson.,https://edstem.org/us/join/bdpBm3?redirect=/us/courses/7749/lessons/41965/slides/237376,,30,2023-01-19 13:49:57.355821,,2023-01-19 13:49:28.107567,2023-07-25 19:07:10.675736,0,0
192,196,,,,0,Enroll in this course to view this lesson.,https://edstem.org/us/join/bdpBm3?redirect=/us/courses/7749/lessons/32808/slides/188947,,120,2023-01-19 14:15:41.181710,,2023-01-19 14:15:28.663645,2023-09-07 20:30:35.193752,0,0
193,198,1,2023-02-03 18:00:00,2023-02-03 21:00:00,1,"","",20,30,2023-01-19 15:13:40.425584,,2023-01-19 15:13:05.145767,2023-07-25 19:07:10.726333,1675447200,1675458000
194,197,,,,0,Introduction to Git,https://edstem.org/us/join/bdpBm3?redirect=/us/courses/7749/lessons/22601/slides/130518,,120,2023-01-19 21:57:50.841129,,2023-01-19 21:57:41.896696,2023-07-25 19:07:10.749646,0,0
195,202,,,,0,Enroll in this course to view this lesson.,https://edstem.org/us/join/bdpBm3?redirect=/us/courses/7749/lessons/42681/slides/246791,,30,2023-01-26 15:15:42.142227,,2023-01-26 15:15:33.204184,2023-07-25 19:07:10.777922,0,0
196,203,,,,0,Ed Stem Lesson,https://edstem.org/us/join/bdpBm3?redirect=/us/courses/7749/lessons/36236/slides/216335,,30,2023-01-26 15:29:39.158403,,2023-01-26 15:29:27.792194,2023-07-25 19:07:10.803837,0,0
197,201,,,,0,Enroll in this course to view this lesson.,https://edstem.org/us/join/bdpBm3?redirect=/us/courses/7749/lessons/42682/slides/246792,,30,2023-01-26 15:32:20.902668,,2023-01-26 15:32:09.474699,2023-07-25 19:07:10.830226,0,0
200,206,11,2023-02-15 23:00:00,2023-02-16 01:00:00,1,"","",15,120,2023-02-01 04:17:23.837595,,2023-02-01 04:10:17.396150,2023-07-25 19:07:10.854278,1676502000,1676509200
201,207,12,2023-02-16 23:00:00,2023-02-17 00:30:00,1,"","",20,90,2023-02-01 04:17:25.121989,,2023-02-01 04:11:02.629503,2023-07-25 19:07:10.880146,1676588400,1676593800
202,208,8,2023-02-17 22:30:00,2023-02-18 01:30:00,1,"","",12,180,2023-02-01 04:17:26.073599,,2023-02-01 04:11:30.112063,2023-07-25 19:07:10.907913,1676673000,1676683800
203,209,13,2023-02-21 23:00:00,2023-02-22 01:00:00,1,"","",15,120,2023-02-01 04:17:26.950741,,2023-02-01 04:12:23.775890,2023-07-25 19:07:10.933151,1677020400,1677027600
204,210,11,2023-02-21 23:00:00,2023-02-22 01:00:00,1,"","",15,120,2023-02-01 04:17:27.930957,,2023-02-01 04:12:51.998291,2023-07-25 19:07:10.960101,1677020400,1677027600
205,211,7,2023-02-22 23:00:00,2023-02-23 01:00:00,1,"","",15,120,2023-02-01 04:17:28.795839,,2023-02-01 04:13:45.877385,2023-07-25 19:07:10.985083,1677106800,1677114000
206,212,7,2023-02-24 23:00:00,2023-02-25 01:00:00,1,"","",15,120,2023-02-01 04:17:29.724231,,2023-02-01 04:14:09.396909,2023-07-25 19:07:11.010797,1677279600,1677286800
207,213,,,,0,EdStem,https://edstem.org/us/join/bdpBm3?redirect=/us/courses/7749/lessons/54996/slides/311392,,120,2023-02-01 17:58:00.321997,,2023-02-01 17:57:06.959691,2023-07-25 19:07:11.033817,0,0
208,214,,,,0,EdStem,https://edstem.org/us/join/bdpBm3?redirect=/us/courses/7749/lessons/54997/slides/311402,,120,2023-02-01 18:04:15.743684,,2023-02-01 18:04:12.909565,2023-07-25 19:07:11.086534,0,0
209,215,,,,0,EdStem,https://edstem.org/us/join/bdpBm3?redirect=/us/courses/7749/lessons/55682/slides/315467,,120,2023-02-01 18:36:44.112222,,2023-02-01 18:36:33.039307,2023-07-25 19:07:11.112390,0,0
210,217,,,,0,EdStem,https://edstem.org/us/join/bdpBm3?redirect=/us/courses/7749/lessons/55070/slides/311672,,120,2023-02-01 22:34:22.309142,,2023-02-01 22:34:17.943072,2023-07-25 19:07:11.144651,0,0
211,219,,,,0,Enroll in this course to view this lesson.,https://edstem.org/us/join/bdpBm3?redirect=/us/courses/7749/lessons/55555/slides/314603,,60,2023-02-07 15:42:21.526652,,2023-02-07 15:42:10.467328,2023-07-25 19:07:11.179447,0,0
212,216,,,,0,EdStem,https://edstem.org/us/join/bdpBm3?redirect=/us/courses/7749/lessons/54998/slides/311420,,120,2023-02-09 01:14:49.593158,,2023-02-09 01:14:43.729309,2023-07-25 19:07:11.203670,0,0
213,142,1,2023-02-23 15:00:00,2023-02-23 17:00:00,1,"","",20,120,2023-02-20 14:56:09.192107,2023-02-21 18:02:25.979598,2023-02-13 15:13:58.760583,2023-07-25 19:07:11.228359,1677164400,1677171600
214,220,11,2023-03-01 23:00:00,2023-03-02 01:00:00,1,"","",15,120,2023-02-24 23:48:31.388509,,2023-02-24 23:04:50.163714,2023-07-25 19:07:11.251992,1677711600,1677718800
215,209,13,2023-03-03 23:00:00,2023-03-04 01:00:00,1,"","",15,120,2023-02-24 23:48:20.067617,,2023-02-24 23:05:21.776955,2023-07-25 19:07:11.273974,1677884400,1677891600
216,210,11,2023-03-03 23:00:00,2023-03-04 01:00:00,1,"","",15,120,2023-02-24 23:48:22.589182,,2023-02-24 23:06:05.148660,2023-07-25 19:07:11.299335,1677884400,1677891600
217,222,3,2023-03-08 23:00:00,2023-03-09 02:00:00,1,"","",20,180,2023-02-27 20:06:15.363455,,2023-02-27 20:01:37.961137,2023-07-25 19:07:11.324551,1678316400,1678327200
218,211,7,2023-03-08 23:00:00,2023-03-09 01:00:00,1,"","",15,120,2023-03-03 16:02:04.919722,,2023-03-03 16:00:33.167133,2023-07-25 19:07:11.345857,1678316400,1678323600
219,221,7,2023-03-07 23:00:00,2023-03-08 01:00:00,1,"","",15,120,2023-03-03 16:07:35.990504,,2023-03-03 16:02:01.857543,2023-07-25 19:07:11.367888,1678230000,1678237200
220,208,8,2023-03-21 21:30:00,2023-03-22 00:30:00,1,"","",12,180,2023-03-20 13:33:22.694485,,2023-03-20 13:32:57.576734,2023-07-25 19:07:11.390094,1679434200,1679445000
221,224,7,2023-03-24 22:00:00,2023-03-25 00:00:00,1,"","",15,120,2023-03-20 13:37:42.155132,,2023-03-20 13:37:34.366449,2023-07-25 19:07:11.411765,1679695200,1679702400
222,209,13,2023-03-29 22:00:00,2023-03-30 00:00:00,1,"","",15,120,2023-03-24 17:11:35.198183,,2023-03-24 16:59:09.146269,2023-07-25 19:07:11.436213,1680127200,1680134400
223,225,18,2023-03-30 22:00:00,2023-03-30 23:30:00,1,"","",20,120,2023-03-24 17:11:48.674100,,2023-03-24 17:10:46.085494,2023-07-25 19:07:11.460656,1680213600,1680219000
224,224,7,2023-03-31 22:00:00,2023-04-01 00:00:00,1,"","",20,120,2023-03-24 17:11:42.269981,,2023-03-24 17:11:25.645394,2023-07-25 19:07:11.482473,1680300000,1680307200
225,226,,,,0,EdStem,https://edstem.org/us/join/bdpBm3?redirect=/us/courses/7749/lessons/59471/slides/331745,,120,2023-03-24 18:28:36.488253,,2023-03-24 18:28:27.620676,2023-07-25 19:07:11.505587,0,0
227,211,7,2023-04-04 22:00:00,2023-04-05 00:00:00,1,"","",20,120,2023-03-31 16:03:59.165143,,2023-03-31 16:00:32.829213,2023-07-25 19:07:11.527519,1680645600,1680652800
228,209,13,2023-04-05 22:00:00,2023-04-06 00:00:00,1,"","",15,116,2023-03-31 16:04:13.302124,,2023-03-31 16:01:06.013521,2023-07-25 19:07:11.549957,1680732000,1680739200
229,205,7,2023-04-07 22:00:00,2023-04-08 00:00:00,1,"","",20,120,2023-03-31 16:05:09.437986,,2023-03-31 16:01:45.629429,2023-07-25 19:07:11.572840,1680904800,1680912000
230,227,,,,0,Coursera for Duke,https://www.coursera.org/programs/duke-university-on-coursera-obsio?authProvider=duke&collectionId=&productId=jO4_OjkPEe2Oyw6DorRJ9w&productType=course&showMiniModal=true,,240,2023-04-04 14:34:33.130178,,2023-04-04 14:34:22.819483,2023-07-25 19:07:11.607710,0,0
231,211,7,2023-04-11 22:00:00,2023-04-12 00:00:00,1,"","",20,120,2023-04-07 12:05:16.390108,,2023-04-07 12:04:58.004719,2023-07-25 19:07:11.641107,1681250400,1681257600
232,221,7,2023-04-12 22:00:00,2023-04-13 00:00:00,1,"","",20,120,2023-04-07 12:07:54.360447,,2023-04-07 12:07:27.814410,2023-07-25 19:07:11.677747,1681336800,1681344000
233,208,8,2023-04-14 21:30:00,2023-04-15 00:30:00,1,"","",12,180,2023-04-07 12:09:21.129238,,2023-04-07 12:09:15.991619,2023-07-25 19:07:11.704036,1681507800,1681518600
237,228,3,2023-04-20 16:00:00,2023-04-20 18:00:00,1,"","",10,120,2023-04-10 21:13:26.780164,,2023-04-10 21:12:46.093202,2023-07-25 19:07:11.733267,1682006400,1682013600
238,229,19,2023-04-19 21:00:00,2023-04-19 22:00:00,1,"","",50,60,2023-04-11 20:16:37.794292,,2023-04-11 20:16:16.589324,2023-07-25 19:07:11.761707,1681938000,1681941600
239,206,11,2023-04-18 22:00:00,2023-04-19 00:00:00,1,"","",15,117,2023-04-14 12:36:01.993687,,2023-04-14 12:31:56.602916,2023-07-25 19:07:11.793347,1681855200,1681862400
240,209,13,2023-04-19 22:00:00,2023-04-20 00:00:00,1,"","",15,116,2023-04-14 12:36:13.688772,,2023-04-14 12:32:28.904145,2023-07-25 19:07:11.841623,1681941600,1681948800
241,230,18,2023-04-20 22:00:00,2023-04-20 23:30:00,1,"","",20,60,2023-04-14 12:36:08.412463,,2023-04-14 12:34:44.182623,2023-07-25 19:07:11.885557,1682028000,1682033400
242,224,7,2023-04-21 22:00:00,2023-04-22 00:00:00,1,"","",20,120,2023-04-14 12:35:46.018063,,2023-04-14 12:35:34.496884,2023-07-25 19:07:11.929261,1682114400,1682121600
243,191,3,2023-04-21 17:00:00,2023-04-21 19:00:00,1,"","",20,120,2023-04-14 12:45:47.040280,,2023-04-14 12:44:57.077356,2023-07-25 19:07:11.972338,1682096400,1682103600
244,202,3,2023-04-15 16:00:00,2023-04-15 18:00:00,1,"","",,120,2023-04-14 17:58:21.438933,2023-04-14 17:59:41.659793,2023-04-14 17:58:02.775315,2023-07-25 19:07:12.096089,1681574400,1681581600
245,204,,,,0,Enroll in this course to view this lesson.,https://edstem.org/us/join/bdpBm3?redirect=/us/courses/7749/lessons/42684/slides/246794,,45,2023-04-18 20:14:10.009755,,2023-04-18 20:10:52.602449,2023-07-25 19:07:12.118921,0,0
246,232,,,,0,Enroll in this course to view this lesson.,https://edstem.org/us/join/bdpBm3?redirect=/us/courses/7749/lessons/39898/slides/222941,,60,2023-04-20 20:17:28.548519,,2023-04-20 20:17:21.864310,2023-07-25 19:07:12.142049,0,0
247,2,,,,0,Enroll in this course to view this lesson,https://edstem.org/us/join/bdpBm3?redirect=/us/courses/7749/lessons/53111/slides/303672,,60,2023-04-27 16:07:34.990450,,2023-04-27 15:58:51.608229,2023-07-25 19:07:12.165293,0,0
248,144,4,2023-05-02 17:00:00,2023-05-02 19:00:00,1,Enroll in this course to view this lesson.,https://duke.zoom.us/j/9193237778,40,120,2023-04-28 14:28:38.177999,,2023-04-28 14:18:35.172602,2023-07-25 19:07:12.188924,1683046800,1683054000
249,88,,,,0,Enroll in this course to view this lesson.,https://edstem.org/us/join/bdpBm3?redirect=/us/courses/7749/lessons/58947/slides/328710,,120,2023-05-04 14:17:10.305513,,2023-05-04 14:16:59.858922,2023-07-25 19:07:12.214602,0,0
250,135,22,2023-05-31 17:00:00,2023-05-31 20:00:00,1,"","",60,180,2023-05-16 16:55:00.857798,,2023-05-11 19:55:58.453792,2023-07-25 19:07:12.236924,1685552400,1685563200
251,142,22,2023-05-31 17:00:00,2023-05-31 20:00:00,1,"","",61,180,2023-05-16 17:10:53.727228,,2023-05-11 20:42:59.217418,2023-07-25 19:07:12.261394,1685552400,1685563200
252,2,22,2023-06-01 13:00:00,2023-06-01 16:00:00,1,"","",60,180,2023-05-16 17:17:31.805695,,2023-05-11 20:45:30.525414,2023-07-25 19:07:12.283731,1685624400,1685635200
253,113,22,2023-06-05 13:00:00,2023-06-05 16:00:00,1,"","",60,180,2023-05-16 17:23:01.491270,,2023-05-11 20:48:57.662966,2023-07-25 19:07:12.308025,1685970000,1685980800
254,120,22,2023-06-06 13:00:00,2023-06-06 16:00:00,1,"","",60,180,2023-05-16 18:10:16.191800,,2023-05-11 20:53:50.438569,2023-07-25 19:07:12.334202,1686056400,1686067200
255,120,22,2023-06-06 17:00:00,2023-06-06 20:00:00,1,"","",60,180,2023-05-16 18:12:14.683080,,2023-05-16 14:57:18.192806,2023-07-25 19:07:12.358898,1686070800,1686081600
256,124,22,2023-06-07 17:00:00,2023-06-07 20:00:00,1,"","",60,180,2023-05-16 18:15:33.218321,,2023-05-16 14:59:23.707960,2023-07-25 19:07:12.385598,1686157200,1686168000
257,112,22,2023-06-08 13:00:00,2023-06-08 16:00:00,1,"","",60,180,2023-05-16 18:17:24.928669,,2023-05-16 15:01:12.922717,2023-07-25 19:07:12.413366,1686229200,1686240000
258,234,22,2023-06-09 13:00:00,2023-06-09 16:00:00,1,"","",,180,2023-05-16 18:07:03.212201,,2023-05-16 15:03:59.274795,2023-07-25 19:07:12.440653,1686315600,1686326400
259,101,22,2023-06-05 17:00:00,2023-06-05 20:00:00,1,"","",,180,2023-05-16 17:32:27.350883,,2023-05-16 15:11:55.545328,2023-07-25 19:07:12.464868,1685984400,1685995200
260,30,22,2023-06-02 13:00:00,2023-06-02 16:00:00,1,"","",,180,2023-05-16 17:48:19.818242,,2023-05-16 15:28:43.717529,2023-07-25 19:07:12.488615,1685710800,1685721600
261,45,1,2023-06-07 17:00:00,2023-06-07 20:00:00,1,"","",,180,2023-05-16 17:50:56.859478,,2023-05-16 15:31:37.990667,2023-07-25 19:07:12.510875,1686157200,1686168000
262,45,1,2023-06-08 13:00:00,2023-06-08 16:00:00,1,"","",,180,2023-05-16 17:52:33.642381,,2023-05-16 15:33:04.438526,2023-07-25 19:07:12.531714,1686229200,1686240000
263,164,20,2023-06-09 13:00:00,2023-06-09 16:00:00,1,"","",60,180,2023-05-16 18:03:33.533689,2023-05-26 15:41:20.047929,2023-05-16 16:19:02.082506,2023-07-25 19:07:12.553383,1686315600,1686326400
264,233,21,2023-05-30 17:00:00,2023-05-30 20:00:00,1,"","",61,180,2023-05-16 16:46:34.851472,,2023-05-16 16:45:42.856841,2023-07-25 19:07:12.575324,1685466000,1685476800
265,235,23,2023-06-02 19:00:00,2023-06-02 21:00:00,1,"","",50,120,2023-05-24 14:56:22.828671,,2023-05-24 13:40:47.279378,2023-07-25 19:07:12.596029,1685732400,1685739600
266,164,22,2023-06-09 13:00:00,2023-06-09 16:00:00,1,"","",60,180,2023-05-26 15:24:16.058413,,2023-05-26 15:24:02.704401,2023-07-25 19:07:12.620107,1686315600,1686326400
267,234,21,2023-06-09 13:00:00,2023-06-09 16:00:00,1,"","",30,180,2023-05-26 16:02:24.094425,,2023-05-26 16:02:15.551037,2023-07-25 19:07:12.644731,1686315600,1686326400
268,144,4,2023-06-13 13:00:00,2023-06-13 14:00:00,1,Zoom,https://duke.zoom.us/j/9193237778,30,60,2023-06-02 14:21:37.759048,,2023-06-02 14:20:35.731103,2023-07-25 19:07:12.667953,1686661200,1686664800
269,144,4,2023-07-11 13:00:00,2023-07-11 14:00:00,1,Zoom link,https://duke.zoom.us/j/9193237778,30,60,2023-06-02 14:23:57.616927,,2023-06-02 14:23:10.044722,2023-07-25 19:07:12.692286,1689080400,1689084000
270,144,4,2023-08-01 13:00:00,2023-08-01 14:00:00,1,Zoom link,https://duke.zoom.us/j/9193237778,30,60,2023-06-02 14:25:18.581255,,2023-06-02 14:24:52.822331,2023-07-25 19:07:12.717774,1690894800,1690898400
271,144,4,2023-09-05 13:00:00,2023-09-05 14:00:00,1,Zoom link,https://duke.zoom.us/j/9193237778,30,60,2023-06-02 14:26:35.025742,,2023-06-02 14:26:13.589380,2023-07-25 19:07:12.746292,1693918800,1693922400
272,144,4,2023-10-03 13:00:00,2023-10-03 14:00:00,1,Zoom link,https://duke.zoom.us/j/9193237778,30,60,2023-06-02 14:28:48.555690,,2023-06-02 14:28:21.072684,2023-07-25 19:07:12.774578,1696338000,1696341600
274,239,,,,0,Enroll in this course to view this lesson.,https://edstem.org/us/join/bdpBm3?redirect=/us/courses/7749/lessons/43350/slides/269068,,30,2023-07-13 14:53:10.262037,,2023-07-11 18:13:39.711975,2023-07-25 19:07:12.825556,0,0
276,197,1,2023-11-15 15:15:00,2023-11-15 17:15:00,1,"","",6,120,2023-08-03 16:45:30.844860,2023-11-14 15:36:44.226608,2023-08-03 16:45:10.380352,2023-11-14 15:36:44.227274,1700061300,1700068500
277,93,1,2023-10-11 14:15:00,2023-10-11 16:15:00,1,"","",20,120,2023-08-03 17:02:37.258984,2023-10-11 14:30:01.789010,2023-08-03 17:02:20.319782,2023-10-11 14:30:01.789980,1697033700,1697040900
278,124,1,2023-09-06 14:45:00,2023-09-06 16:45:00,1,"","",20,120,2023-08-03 17:04:15.062760,,2023-08-03 17:04:03.655649,2023-08-16 17:44:11.989074,1694011500,1694018700
280,173,1,2023-10-03 14:15:00,2023-10-03 16:15:00,1,"","",20,120,2023-08-03 17:26:43.892607,,2023-08-03 17:26:37.925094,2023-08-03 17:26:43.895273,1696342500,1696349700
281,2,1,2023-09-13 14:15:00,2023-09-13 16:15:00,1,"","",20,120,2023-08-03 17:30:29.973172,,2023-08-03 17:30:20.526565,2023-08-03 17:30:29.976305,1694614500,1694621700
283,165,1,2023-11-15 15:15:00,2023-11-15 17:15:00,1,"","",20,120,2023-08-07 20:38:18.772078,,2023-08-03 17:34:53.408892,2023-08-07 20:38:18.775028,1700061300,1700068500
284,65,1,2023-10-03 17:15:00,2023-10-03 19:15:00,1,"","",20,120,2023-08-03 17:36:57.614611,,2023-08-03 17:36:49.204548,2023-08-03 17:36:57.617649,1696353300,1696360500
285,197,1,2023-09-12 18:15:00,2023-09-12 20:15:00,1,"","",20,120,2023-08-03 17:39:35.008356,,2023-08-03 17:39:22.282036,2023-08-03 17:39:35.011988,1694542500,1694549700
286,142,1,2023-09-19 14:15:00,2023-09-19 16:15:00,1,"","",20,120,2023-08-03 17:54:59.645990,,2023-08-03 17:54:52.036960,2023-08-03 17:54:59.649989,1695132900,1695140100
287,142,2,2023-11-01 17:15:00,2023-11-01 19:15:00,1,"","",20,120,2023-08-03 17:56:13.409535,,2023-08-03 17:56:06.529163,2023-10-27 13:27:20.968142,1698858900,1698866100
288,124,2,2023-09-07 17:15:00,2023-09-07 19:15:00,1,"","",20,120,2023-08-03 17:57:53.189470,,2023-08-03 17:57:46.853724,2023-08-03 17:57:53.192217,1694106900,1694114100
289,145,1,2023-09-21 17:15:00,2023-09-21 19:15:00,1,"","",20,120,2023-08-03 17:58:57.045270,,2023-08-03 17:58:51.464010,2023-08-03 17:58:57.048679,1695316500,1695323700
290,50,1,2023-12-05 19:15:00,2023-12-05 21:15:00,1,"","",12,120,2023-08-03 18:00:04.835038,,2023-08-03 17:59:54.190081,2023-09-13 15:06:48.610362,1701803700,1701810900
291,30,1,2023-09-26 17:15:00,2023-09-26 19:15:00,1,"","",20,120,2023-08-03 18:03:13.761108,,2023-08-03 18:03:05.673101,2023-08-03 18:03:13.763988,1695748500,1695755700
292,236,1,2023-10-12 17:15:00,2023-10-12 19:15:00,1,"","",20,120,2023-08-03 18:08:42.221885,2023-10-11 13:35:20.358166,2023-08-03 18:08:25.978897,2023-10-11 13:35:20.358847,1697130900,1697138100
293,168,1,2023-11-15 18:15:00,2023-11-15 20:15:00,1,"","",20,120,2023-08-03 18:12:27.265040,2023-11-14 14:31:37.937756,2023-08-03 18:12:02.069959,2023-11-14 14:31:37.938549,1700072100,1700079300
294,93,1,2023-09-13 17:15:00,2023-09-13 19:15:00,1,"","",20,120,2023-08-03 18:14:40.074800,,2023-08-03 18:14:26.004384,2023-08-03 18:14:40.078388,1694625300,1694632500
295,101,1,2023-10-04 17:15:00,2023-10-04 19:15:00,1,"","",20,120,2023-08-03 18:18:47.867484,,2023-08-03 18:18:36.930588,2023-08-03 18:18:47.871076,1696439700,1696446900
296,170,1,2023-11-14 18:15:00,2023-11-14 20:15:00,1,"","",20,120,2023-08-03 18:20:52.153858,,2023-08-03 18:20:39.548784,2023-08-03 18:20:52.157130,1699985700,1699992900
297,189,2,2023-09-21 14:45:00,2023-09-21 16:15:00,1,"","",20,90,2023-08-03 18:36:07.021502,,2023-08-03 18:22:50.628095,2023-08-03 18:36:07.024437,1695307500,1695312900
298,189,1,2023-10-19 14:45:00,2023-10-19 16:45:00,1,"","",20,90,2023-08-03 19:04:32.849724,2023-08-16 18:46:44.381894,2023-08-03 19:04:18.859467,2023-08-16 18:46:44.384437,1697726700,1697733900
299,189,1,2023-10-05 14:45:00,2023-10-05 16:15:00,1,"","",20,90,,,2023-08-03 19:07:53.146895,2023-08-03 19:07:53.146895,1696517100,1696522500
300,88,1,2023-09-25 15:00:00,2023-09-25 17:00:00,1,"","",6,120,2023-08-03 19:09:31.093695,,2023-08-03 19:09:23.170936,2023-09-22 19:34:36.222360,1695654000,1695661200
301,7,1,2023-09-08 17:15:00,2023-09-08 18:15:00,1,"","",20,120,2023-08-03 19:28:44.271276,,2023-08-03 19:28:34.459753,2023-08-03 19:28:44.274497,1694193300,1694196900
302,4,1,2023-09-15 17:15:00,2023-09-15 18:45:00,1,"","",20,90,2023-08-03 19:29:46.441012,,2023-08-03 19:29:37.918975,2023-08-21 20:28:34.518114,1694798100,1694803500
303,4,1,2023-09-22 17:15:00,2023-09-22 18:45:00,1,"","",20,90,2023-08-03 19:31:06.910741,,2023-08-03 19:30:50.236487,2023-08-03 19:31:06.913709,1695402900,1695408300
304,147,1,2023-09-29 17:15:00,2023-09-29 18:45:00,1,"","",20,90,2023-08-03 19:32:32.271618,,2023-08-03 19:32:24.208031,2023-08-03 19:32:32.274676,1696007700,1696013100
305,147,1,2023-10-13 17:15:00,2023-10-13 18:45:00,1,"","",20,90,2023-08-03 19:34:04.427513,,2023-08-03 19:33:56.635284,2023-08-11 17:30:46.887030,1697217300,1697222700
306,19,2,2023-09-11 17:15:00,2023-09-11 19:15:00,1,"","",20,120,2023-08-03 19:35:25.696787,,2023-08-03 19:35:15.727330,2023-08-03 19:35:25.699776,1694452500,1694459700
307,71,1,2023-10-19 17:15:00,2023-10-19 19:15:00,1,"","",20,120,2023-08-03 19:36:27.035850,,2023-08-03 19:36:19.545406,2023-08-03 19:36:27.038785,1697735700,1697742900
308,29,1,2023-10-30 17:15:00,2023-10-30 19:15:00,1,"","",20,120,2023-08-03 19:37:40.337868,,2023-08-03 19:37:34.320126,2023-08-03 19:37:40.340814,1698686100,1698693300
309,9,3,2023-12-04 15:15:00,2023-12-04 17:15:00,1,"","",12,120,2023-08-03 19:39:35.376928,,2023-08-03 19:39:28.358650,2023-08-11 17:37:22.384692,1701702900,1701710100
310,171,2,2023-09-28 16:45:00,2023-09-28 19:15:00,1,"","",12,150,2023-08-03 19:41:48.977945,,2023-08-03 19:41:26.764967,2023-09-14 13:34:47.229309,1695919500,1695928500
311,192,1,2023-09-20 17:15:00,2023-09-20 20:15:00,1,"","",20,180,2023-08-03 19:44:38.190357,,2023-08-03 19:44:32.725035,2023-08-03 19:44:38.193197,1695230100,1695240900
312,137,3,2023-10-03 14:15:00,2023-10-03 16:15:00,1,"","",12,120,2023-08-03 19:45:50.064859,,2023-08-03 19:45:42.582099,2023-08-10 18:52:18.681859,1696342500,1696349700
313,137,3,2023-10-11 14:15:00,2023-10-11 16:15:00,1,"","",12,120,2023-08-03 19:55:21.648702,,2023-08-03 19:55:09.859192,2023-09-06 16:42:11.012732,1697033700,1697040900
314,20,3,2023-09-26 14:15:00,2023-09-26 16:15:00,1,"","",12,120,2023-08-03 19:58:55.036705,,2023-08-03 19:57:54.105464,2023-08-03 19:58:55.039528,1695737700,1695744900
315,20,3,2023-10-12 14:15:00,2023-10-12 16:15:00,1,"","",12,120,2023-08-03 19:59:16.723015,,2023-08-03 19:58:29.658021,2023-08-03 19:59:16.725982,1697120100,1697127300
316,191,3,2023-09-12 17:15:00,2023-09-12 19:15:00,1,"","",20,120,2023-08-03 20:00:43.346438,,2023-08-03 20:00:35.197515,2023-09-11 16:39:51.646000,1694538900,1694546100
317,191,3,2023-11-28 15:15:00,2023-11-28 17:15:00,1,"","",20,120,2023-08-03 20:01:51.534380,,2023-08-03 20:01:43.467937,2023-09-11 16:40:16.075256,1701184500,1701191700
318,1,1,2023-09-19 17:15:00,2023-09-19 19:15:00,1,"","",12,120,2023-08-03 20:04:21.743533,,2023-08-03 20:03:30.876761,2023-08-10 18:44:09.421328,1695143700,1695150900
319,128,3,2023-10-24 17:15:00,2023-10-24 20:15:00,1,"","",,180,2023-08-03 20:06:23.159333,,2023-08-03 20:06:08.215245,2023-10-23 13:57:02.206228,1698167700,1698178500
320,123,1,2023-09-18 22:15:00,2023-09-19 00:15:00,1,"","",10,120,2023-08-09 21:43:45.633805,,2023-08-09 21:42:54.601271,2023-09-18 20:14:03.091658,1695075300,1695082500
321,102,1,2023-09-12 22:15:00,2023-09-13 00:15:00,1,"","",20,120,2023-08-09 21:46:48.297832,,2023-08-09 21:45:19.765762,2023-08-09 21:46:48.300538,1694556900,1694564100
322,102,1,2023-10-04 19:45:00,2023-10-04 21:45:00,1,"","",20,120,2023-08-09 21:46:58.700869,,2023-08-09 21:46:40.321427,2023-08-09 21:46:58.703569,1696448700,1696455900
323,187,3,2023-09-27 17:15:00,2023-09-27 19:15:00,1,"","",12,120,2023-08-10 18:41:37.518990,,2023-08-10 18:41:29.475025,2023-08-10 18:41:37.521917,1695834900,1695842100
324,123,1,2023-10-10 19:15:00,2023-10-10 21:15:00,1,"","",10,120,2023-08-10 18:49:06.570539,,2023-08-10 18:48:55.438485,2023-09-18 20:15:07.169904,1696965300,1696972500
325,197,1,2023-09-14 14:15:00,2023-09-14 16:15:00,1,"","",20,120,2023-08-11 17:07:35.396290,,2023-08-11 17:07:24.562632,2023-08-11 17:07:35.399476,1694700900,1694708100
326,245,1,2023-10-05 14:45:00,2023-10-05 16:15:00,1,"","",20,90,2023-08-17 14:51:54.657449,,2023-08-17 14:51:20.377310,2023-08-17 14:51:54.661729,1696517100,1696522500
327,246,1,2023-10-19 14:45:00,2023-10-19 16:15:00,1,"","",20,90,2023-08-17 14:55:07.385375,,2023-08-17 14:54:48.195222,2023-08-17 14:55:07.388302,1697726700,1697732100
328,247,1,2023-10-12 14:15:00,2023-10-12 16:15:00,1,"","",20,120,2023-08-17 14:59:42.642165,2023-10-11 23:01:29.665005,2023-08-17 14:59:33.286946,2023-10-11 23:01:29.665711,1697120100,1697127300
329,247,30,2023-11-08 15:15:00,2023-11-08 17:15:00,1,"","",7,120,2023-08-17 15:00:52.028772,2023-11-08 14:43:52.070754,2023-08-17 15:00:46.947872,2023-11-08 14:43:52.071697,1699456500,1699463700
330,248,7,2023-08-29 22:00:00,2023-08-30 00:00:00,1,"","",20,120,2023-08-25 00:29:56.190153,,2023-08-25 00:28:51.388980,2023-08-25 00:32:59.877360,1693346400,1693353600
331,208,8,2023-09-01 21:30:00,2023-09-02 00:30:00,1,"","",12,180,2023-08-25 00:44:19.186569,,2023-08-25 00:44:00.486931,2023-08-25 00:44:19.189530,1693603800,1693614600
332,249,11,2023-08-31 22:00:00,2023-09-01 00:00:00,1,"","",15,120,2023-08-25 00:46:10.912494,,2023-08-25 00:46:05.789676,2023-08-25 00:46:10.915752,1693519200,1693526400
333,212,7,2023-08-30 22:00:00,2023-08-31 00:00:00,1,"","",20,120,2023-08-25 00:47:07.654412,,2023-08-25 00:47:02.727199,2023-08-25 00:47:07.657567,1693432800,1693440000
335,253,,,,0,Enroll in the course to view this lesson,https://edstem.org/us/join/bdpBm3?redirect=/us/courses/7749/lessons/74438/slides/403512,,120,2023-08-30 17:39:38.420493,,2023-08-30 17:33:48.561642,2023-08-31 19:51:57.077476,0,0
336,254,,,,0,Enroll in this course to view this lesson.,https://edstem.org/us/join/bdpBm3?redirect=/us/courses/7749/lessons/74594/slides/404459,,120,2023-08-30 17:39:56.709613,,2023-08-30 17:39:06.597858,2023-08-31 19:52:28.144879,0,0
337,255,,,,0,https://edstem.org/us/join/bdpBm3?redirect=/us/courses/7749/lessons/74595/slides/404476,"",,120,2023-08-30 17:50:54.134995,,2023-08-30 17:50:49.129649,2023-08-31 19:52:48.980068,0,0
340,256,19,2023-09-06 22:00:00,2023-09-07 00:00:00,1,"","",20,120,2023-09-01 13:01:19.242276,,2023-09-01 06:15:40.239339,2023-09-01 13:01:19.245015,1694037600,1694044800
341,257,19,2023-09-07 22:00:00,2023-09-08 00:00:00,1,"","",20,120,2023-09-01 13:01:11.448273,,2023-09-01 06:18:57.279434,2023-09-01 13:01:11.451465,1694124000,1694131200
342,258,19,2023-09-08 22:00:00,2023-09-09 00:00:00,1,"","",20,120,2023-09-01 13:00:58.465032,,2023-09-01 06:19:30.535375,2023-09-01 13:00:58.468207,1694210400,1694217600
343,241,3,2023-09-13 17:15:00,2023-09-13 19:15:00,1,"","",,120,2023-09-05 17:29:50.392119,,2023-09-05 17:29:32.253106,2023-09-05 17:30:29.957602,1694625300,1694632500
344,240,1,2023-10-26 17:15:00,2023-10-26 19:15:00,1,"","",6,120,2023-09-05 21:58:38.423855,,2023-09-05 21:58:30.423708,2023-09-05 21:59:36.112585,1698340500,1698347700
345,243,3,2023-11-14 18:15:00,2023-11-14 19:30:00,1,"","",6,75,2023-09-05 22:01:22.073361,,2023-09-05 22:01:16.926918,2023-11-07 17:40:15.777136,1699985700,1699990200
346,113,1,2023-09-20 14:15:00,2023-09-20 16:15:00,1,"","",20,120,2023-09-05 22:05:45.763525,,2023-09-05 22:05:05.463637,2023-09-12 14:21:42.230890,1695219300,1695226500
347,115,1,2023-09-27 14:15:00,2023-09-27 16:15:00,1,"","",20,120,2023-09-05 22:08:06.481426,,2023-09-05 22:07:55.892751,2023-09-05 22:08:06.484443,1695824100,1695831300
348,259,1,2023-09-26 14:15:00,2023-09-26 16:15:00,1,"","",20,120,2023-09-05 22:09:58.690693,,2023-09-05 22:09:41.914577,2023-09-05 22:09:58.694312,1695737700,1695744900
349,260,1,2023-09-28 14:15:00,2023-09-28 16:15:00,1,"","",20,120,2023-09-05 22:13:31.385005,2023-09-26 16:28:36.630741,2023-09-05 22:12:46.963602,2023-09-26 16:28:36.631674,1695910500,1695917700
350,261,1,2023-10-04 14:15:00,2023-10-04 16:15:00,1,"","",20,120,2023-09-05 22:15:54.996010,2023-10-02 17:38:17.702403,2023-09-05 22:15:47.153012,2023-10-02 17:38:17.703220,1696428900,1696436100
351,262,1,2023-10-10 14:15:00,2023-10-10 16:15:00,1,"","",20,120,2023-09-05 22:18:38.749784,,2023-09-05 22:18:22.397243,2023-09-05 22:18:38.753235,1696947300,1696954500
352,263,1,2023-10-24 14:15:00,2023-10-24 16:15:00,1,"","",20,120,2023-09-05 22:20:57.775951,2023-10-24 15:00:18.106966,2023-09-05 22:20:42.055903,2023-10-24 15:00:18.108287,1698156900,1698164100
353,264,1,2023-10-18 14:15:00,2023-10-18 16:15:00,1,"","",20,120,2023-09-05 22:24:08.538222,2023-10-17 10:41:32.304220,2023-09-05 22:24:00.278937,2023-10-17 10:41:32.305130,1697638500,1697645700
354,265,1,2023-11-08 15:00:00,2023-11-08 16:30:00,1,"","",20,90,2023-09-06 16:34:11.214945,,2023-09-06 16:33:40.985011,2023-09-06 16:34:11.218281,1699455600,1699461000
355,162,5,2023-11-14 20:15:00,2023-11-14 21:15:00,1,"","",6,60,2023-09-07 14:51:29.884112,,2023-09-07 14:51:04.353216,2023-09-18 20:18:15.246883,1699992900,1699996500
356,244,1,2023-11-09 18:15:00,2023-11-09 20:15:00,1,"","",20,120,2023-09-07 14:55:16.332930,,2023-09-07 14:54:59.487842,2023-10-23 17:24:19.269029,1699553700,1699560900
357,266,1,2023-11-01 14:15:00,2023-11-01 16:15:00,1,"","",20,120,2023-09-07 15:15:50.246542,,2023-09-07 15:15:42.317564,2023-09-07 15:15:50.251086,1698848100,1698855300
358,122,1,2023-11-02 14:15:00,2023-11-02 16:15:00,1,"","",20,120,2023-09-07 18:37:28.737058,,2023-09-07 18:36:35.930657,2023-10-24 20:01:19.387273,1698934500,1698941700
359,267,19,2023-09-11 22:00:00,2023-09-11 23:00:00,1,"","",20,120,2023-09-08 13:01:06.389016,,2023-09-08 12:08:59.440762,2023-09-08 13:01:06.393014,1694469600,1694473200
360,224,7,2023-09-12 22:00:00,2023-09-13 00:00:00,1,"","",20,120,2023-09-08 13:01:01.435655,,2023-09-08 12:09:59.271184,2023-09-08 13:01:01.438905,1694556000,1694563200
361,221,7,2023-09-13 22:00:00,2023-09-14 00:00:00,1,"","",20,117,2023-09-08 13:00:54.216031,,2023-09-08 12:10:44.788747,2023-09-08 13:00:54.219173,1694642400,1694649600
362,268,23,2023-09-14 21:30:00,2023-09-14 23:30:00,1,"","",30,120,2023-09-08 13:00:49.492471,,2023-09-08 12:11:35.968170,2023-09-08 13:00:49.495774,1694727000,1694734200
363,269,24,2023-09-15 19:00:00,2023-09-15 21:00:00,1,"","",20,118,2023-09-08 13:00:42.717878,,2023-09-08 12:12:24.412776,2023-09-13 14:28:01.570747,1694804400,1694811600
364,270,1,2023-10-02 20:00:00,2023-10-02 21:30:00,1,"","",15,90,2023-09-08 14:19:01.318222,,2023-09-08 13:54:28.610507,2023-09-08 14:19:01.321952,1696276800,1696282200
365,271,5,2023-11-15 22:00:00,2023-11-15 23:00:00,1,"","",6,60,2023-09-08 14:13:25.327610,,2023-09-08 14:13:10.023889,2023-10-27 20:06:38.327189,1700085600,1700089200
366,272,5,2023-09-25 22:00:00,2023-09-25 23:30:00,1,"","",6,90,2023-09-08 14:18:59.152197,,2023-09-08 14:18:47.834766,2023-09-08 14:18:59.155230,1695679200,1695684600
367,272,5,2023-10-24 19:15:00,2023-10-24 20:45:00,1,"","",6,90,2023-09-08 14:23:17.026677,,2023-09-08 14:23:06.672408,2023-09-08 14:23:17.029413,1698174900,1698180300
368,273,1,2023-09-18 16:45:00,2023-09-18 19:15:00,1,"","",20,150,2023-09-11 14:10:14.483582,,2023-09-11 14:10:07.941038,2023-09-11 14:10:14.486925,1695055500,1695064500
369,185,2,2023-10-06 17:15:00,2023-10-06 20:15:00,1,"","",30,30,2023-09-13 17:50:19.078888,,2023-09-13 17:50:03.900115,2023-09-13 17:50:47.246834,1696612500,1696623300
370,208,8,2023-09-22 21:30:00,2023-09-23 00:30:00,1,"","",12,180,2023-09-15 13:04:30.671511,,2023-09-15 13:04:15.174529,2023-09-15 13:04:30.674347,1695418200,1695429000
372,225,18,2023-09-21 22:00:00,2023-09-21 23:30:00,1,"","",16,90,2023-09-15 13:07:05.649946,,2023-09-15 13:06:47.956175,2023-09-15 13:07:05.654231,1695333600,1695339000
373,275,18,2023-09-18 22:00:00,2023-09-19 00:00:00,1,"","",20,120,2023-09-15 13:14:48.587671,,2023-09-15 13:13:42.885362,2023-09-15 13:14:48.590838,1695074400,1695081600
374,274,25,2023-09-20 22:00:00,2023-09-21 00:00:00,1,"","",20,120,2023-09-15 13:17:19.475911,,2023-09-15 13:17:09.636989,2023-09-20 22:12:42.577048,1695247200,1695254400
375,209,13,2023-09-19 22:00:00,2023-09-20 00:00:00,1,"","",15,120,2023-09-15 13:21:31.022695,,2023-09-15 13:21:16.848763,2023-09-15 13:21:58.408225,1695160800,1695168000
376,276,27,2023-09-25 22:00:00,2023-09-26 00:00:00,1,"","",20,120,2023-09-22 15:38:10.004434,,2023-09-21 22:22:04.619465,2023-09-22 15:38:10.008231,1695679200,1695686400
377,277,18,2023-09-26 22:00:00,2023-09-27 00:00:00,1,"","",20,120,2023-09-22 15:38:03.536029,,2023-09-21 22:22:28.160175,2023-09-22 15:38:03.539394,1695765600,1695772800
378,278,11,2023-09-27 22:00:00,2023-09-28 00:00:00,1,"","",30,120,2023-09-22 15:37:56.720233,,2023-09-21 22:23:53.632329,2023-09-25 19:22:46.517277,1695852000,1695859200
379,279,18,2023-09-28 22:00:00,2023-09-28 23:30:00,1,"","",20,88,2023-09-22 15:37:49.382724,,2023-09-21 22:24:11.976078,2023-09-22 15:37:49.386374,1695938400,1695943800
381,273,1,2023-11-20 15:15:00,2023-11-20 18:15:00,1,"","",16,180,2023-09-22 20:37:50.021743,,2023-09-22 20:37:34.192945,2023-09-22 20:37:50.024709,1700493300,1700504100
382,281,27,2023-10-02 22:00:00,2023-10-03 00:00:00,1,"","",20,120,2023-09-29 13:04:45.108043,,2023-09-28 21:53:19.802512,2023-09-29 13:04:45.111057,1696284000,1696291200
383,209,13,2023-10-03 22:00:00,2023-10-04 00:00:00,1,"","",15,118,2023-09-29 13:04:38.163577,,2023-09-28 21:53:40.029323,2023-09-29 13:04:38.167169,1696370400,1696377600
384,282,26,2023-10-04 22:00:00,2023-10-05 00:00:00,1,"","",20,120,2023-09-29 13:04:23.111452,,2023-09-28 21:54:30.551360,2023-09-29 13:04:23.115138,1696456800,1696464000
385,283,18,2023-10-05 22:00:00,2023-10-05 23:30:00,1,"","",20,90,2023-09-29 13:04:17.109353,,2023-09-28 21:55:01.364035,2023-09-29 13:04:17.112255,1696543200,1696548600
386,284,11,2023-10-06 22:00:00,2023-10-07 00:00:00,1,"","",15,120,2023-09-29 13:04:06.465650,,2023-09-28 21:55:33.313917,2023-09-29 13:04:06.469207,1696629600,1696636800
387,285,1,2023-10-23 17:15:00,2023-10-23 19:15:00,1,"","",15,120,2023-10-04 16:30:15.169402,,2023-10-03 17:10:45.205347,2023-10-04 16:30:15.173738,1698081300,1698088500
388,286,11,2023-10-10 22:00:00,2023-10-11 00:00:00,1,"","",20,120,2023-10-06 13:16:19.744067,,2023-10-06 06:39:30.691716,2023-10-09 15:00:53.816348,1696975200,1696982400
389,287,7,2023-10-11 22:00:00,2023-10-12 00:00:00,1,"","",20,120,2023-10-06 13:16:28.065735,,2023-10-06 06:39:49.608622,2023-10-06 13:16:28.069815,1697061600,1697068800
390,288,7,2023-10-12 22:00:00,2023-10-13 00:00:00,1,"","",15,120,2023-10-06 13:16:35.426644,,2023-10-06 06:40:13.508540,2023-10-06 13:16:35.429606,1697148000,1697155200
392,153,30,2023-10-13 17:00:00,2023-10-13 19:00:00,1,"","",5,120,2023-10-11 18:03:11.913657,,2023-10-11 18:03:00.129579,2023-10-11 18:03:11.916981,1697216400,1697223600
393,289,8,2023-10-20 21:30:00,2023-10-21 00:30:00,1,"","",12,180,2023-10-13 13:09:17.577172,,2023-10-13 13:09:10.004034,2023-10-13 13:09:17.580705,1697837400,1697848200
394,290,7,2023-10-18 22:00:00,2023-10-19 00:00:00,1,"","",15,120,2023-10-13 13:11:43.465492,,2023-10-13 13:11:34.978355,2023-10-13 13:11:43.468501,1697666400,1697673600
395,268,31,2023-10-19 20:30:00,2023-10-19 22:30:00,1,"","",30,117,2023-10-13 13:12:42.469650,,2023-10-13 13:12:35.478815,2023-10-13 15:31:28.498357,1697747400,1697754600
396,291,1,2023-10-25 21:00:00,2023-10-25 23:00:00,1,"","",15,120,2023-10-18 13:30:37.396219,2023-10-25 14:07:50.965085,2023-10-18 13:30:09.935154,2023-10-25 14:07:50.965744,1698267600,1698274800
397,292,32,2023-10-26 18:30:00,2023-10-26 19:30:00,1,Enroll in the course to view the YouTube link.,https://www.youtube.com/@computationalthinking,999,60,,,2023-10-18 18:20:47.490474,2023-10-18 18:20:47.490474,1698345000,1698348600
398,209,13,2023-10-24 22:00:00,2023-10-25 00:00:00,1,"","",15,116,2023-10-20 13:02:42.655531,,2023-10-20 12:01:56.519784,2023-10-20 13:02:42.658319,1698184800,1698192000
399,293,18,2023-10-25 22:00:00,2023-10-26 00:00:00,1,"","",20,120,2023-10-20 13:02:54.639892,,2023-10-20 12:02:25.270957,2023-10-20 13:02:54.642423,1698271200,1698278400
400,279,26,2023-10-26 22:00:00,2023-10-26 23:30:00,1,"","",20,90,2023-10-20 13:02:48.296876,,2023-10-20 12:02:51.918026,2023-10-20 13:02:48.299647,1698357600,1698363000
401,295,1,2023-11-08 22:00:00,2023-11-09 00:00:00,1,"","",15,120,2023-10-23 22:35:48.795270,,2023-10-23 22:35:36.853896,2023-10-23 22:35:48.798486,1699480800,1699488000
402,294,32,2023-10-24 20:00:00,2023-10-24 21:00:00,1,Enroll to view the YouTube link,https://youtube.com/live/F0RDVOzL3B0,,60,2023-10-23 22:49:54.592379,,2023-10-23 22:40:14.687378,2023-10-23 22:49:54.595523,1698177600,1698181200
403,208,8,2023-11-03 21:30:00,2023-11-04 00:30:00,1,"","",12,180,2023-10-27 13:11:26.378714,,2023-10-27 13:10:06.493732,2023-10-27 13:11:26.381410,1699047000,1699057800
404,212,7,2023-11-01 22:00:00,2023-11-02 00:00:00,1,"","",20,120,2023-10-27 13:14:09.697377,,2023-10-27 13:14:00.843702,2023-10-27 13:14:09.700758,1698876000,1698883200
405,296,7,2023-11-02 22:00:00,2023-11-03 00:00:00,1,"","",20,120,2023-10-27 13:15:35.579950,,2023-10-27 13:15:30.072591,2023-10-27 13:15:35.582747,1698962400,1698969600
406,191,,,,0,Enroll in this course to view this lesson.,https://edstem.org/us/join/bdpBm3?redirect=/us/courses/7749/lessons/64158/slides/355221,,60,2023-10-30 15:21:23.348193,,2023-10-30 15:21:08.252135,2023-10-30 15:21:23.351694,0,0
407,209,13,2023-11-07 23:00:00,2023-11-08 01:00:00,1,"","",15,120,2023-11-03 13:48:18.074500,,2023-11-03 02:47:29.827041,2023-11-03 13:48:18.077487,1699398000,1699405200
408,298,11,2023-11-09 23:00:00,2023-11-10 01:00:00,1,"","",20,119,2023-11-03 13:48:10.563331,,2023-11-03 02:48:57.963636,2023-11-03 13:48:10.566016,1699570800,1699578000
409,299,11,2023-11-10 23:00:00,2023-11-11 01:00:00,1,"","",20,120,2023-11-03 13:48:05.251744,,2023-11-03 02:50:20.945914,2023-11-03 13:48:05.254988,1699657200,1699664400
410,302,2,2023-11-16 18:15:00,2023-11-16 20:15:00,1,"","",10,120,2023-11-06 16:38:12.950697,2023-11-15 00:39:33.559734,2023-11-06 16:38:04.845583,2023-11-15 00:39:33.562544,1700158500,1700165700
411,300,11,2023-11-14 23:00:00,2023-11-15 01:00:00,1,"","",20,120,2023-11-10 14:20:32.227419,,2023-11-10 14:20:25.418833,2023-11-10 14:20:32.230111,1700002800,1700010000
413,221,7,2023-11-15 23:00:00,2023-11-16 01:00:00,1,"","",20,120,2023-11-10 14:26:57.104786,,2023-11-10 14:24:43.756006,2023-11-10 14:26:57.107828,1700089200,1700096400
414,301,11,2023-11-16 23:00:00,2023-11-17 01:00:00,1,"","",20,120,2023-11-10 14:26:33.627184,,2023-11-10 14:26:21.399884,2023-11-10 14:26:33.630315,1700175600,1700182800
415,209,17,2023-11-28 23:00:00,2023-11-29 01:00:00,1,"","",15,120,2023-11-17 14:18:38.901647,,2023-11-10 16:20:34.714982,2023-11-17 14:18:38.906193,1701212400,1701219600
416,304,7,2023-11-29 23:00:00,2023-11-30 01:00:00,1,"","",20,117,2023-11-17 14:18:52.384611,,2023-11-10 16:27:08.105929,2023-11-17 14:18:52.388515,1701298800,1701306000
417,305,7,2023-11-30 23:00:00,2023-12-01 01:00:00,1,"","",20,120,2023-11-17 14:19:11.023866,,2023-11-10 16:27:37.637753,2023-11-17 14:19:11.027870,1701385200,1701392400
418,230,29,2023-12-05 23:00:00,2023-12-06 00:00:00,1,"","",20,60,,,2023-11-10 16:28:10.560527,2023-11-10 16:28:10.560527,1701817200,1701820800
419,307,29,2023-12-06 23:00:00,2023-12-07 01:00:00,1,"","",20,120,,,2023-11-10 16:28:30.653184,2023-11-10 16:28:30.653184,1701903600,1701910800
421,309,32,2023-12-06 21:00:00,2023-12-06 22:00:00,1,Live on YouTube,https://youtube.com/live/RMgA453IuVg,,60,2023-11-14 17:40:19.926026,,2023-11-14 17:39:27.184822,2023-11-14 17:40:19.928934,1701896400,1701900000
423,311,,,,0,Enroll in this course to view this lesson.,https://edstem.org/us/join/bdpBm3?redirect=/us/courses/7749/lessons/81824/slides/451150,,30,2023-11-25 17:12:01.027625,,2023-11-25 17:11:53.960110,2023-11-25 17:12:01.030926,0,0
